INSERT INTO user_table (firstname, lastname, email, username, password, created_at) VALUES ('Erin', 'Garcia', 'kerrjeffrey@example.org', 'megan84', 'j6WXaSSM#5', '2023-06-14 01:47:39');
INSERT INTO user_table (firstname, lastname, email, username, password, created_at) VALUES ('Angela', 'Powers', 'haleylisa@example.net', 'victor86', '7SEBFcfx$3', '2023-06-08 10:44:45');
INSERT INTO user_table (firstname, lastname, email, username, password, created_at) VALUES ('Taylor', 'Bowman', 'christopherberg@example.net', 'jerome97', 'y+l9O%wHXm', '2023-01-04 16:34:56');
INSERT INTO user_table (firstname, lastname, email, username, password, created_at) VALUES ('Helen', 'Medina', 'michael75@example.net', 'reidsteven', '@9zjRGz#O+', '2023-05-16 14:51:21');
INSERT INTO user_table (firstname, lastname, email, username, password, created_at) VALUES ('Colleen', 'Kim', 'masoncathy@example.com', 'egarrett', 'x@7QUnlM)j', '2023-02-19 23:36:17');
INSERT INTO user_table (firstname, lastname, email, username, password, created_at) VALUES ('Calvin', 'Johnson', 'wschmidt@example.com', 'connor73', 'z59uZ)g+)f', '2023-03-04 05:26:51');
INSERT INTO user_table (firstname, lastname, email, username, password, created_at) VALUES ('Jeffery', 'Barber', 'christopher82@example.org', 'walter93', 'M(i3U)lpQ7', '2023-06-12 12:35:58');
INSERT INTO user_table (firstname, lastname, email, username, password, created_at) VALUES ('Kenneth', 'Holt', 'dhodges@example.com', 'terrinewton', '(FPG3poB6e', '2023-04-29 10:32:15');
INSERT INTO user_table (firstname, lastname, email, username, password, created_at) VALUES ('Bonnie', 'Thompson', 'miguelduarte@example.net', 'lydiacortez', 'in9$8Q&o(A', '2023-02-25 21:07:52');
INSERT INTO user_table (firstname, lastname, email, username, password, created_at) VALUES ('Matthew', 'Holder', 'benjaminvega@example.org', 'stevenwashington', 'fr%1OOJ7P$', '2023-05-04 05:43:36');
INSERT INTO user_table (firstname, lastname, email, username, password, created_at) VALUES ('Bobby', 'Lindsey', 'stephaniehooper@example.org', 'perrykathleen', ')%TaKd+Hp6', '2023-01-05 04:47:15');
INSERT INTO user_table (firstname, lastname, email, username, password, created_at) VALUES ('Bryan', 'Gilbert', 'glee@example.com', 'joy26', '$0g7WbHxan', '2023-03-05 06:39:07');
INSERT INTO user_table (firstname, lastname, email, username, password, created_at) VALUES ('Ronnie', 'Johnson', 'luis57@example.net', 'frankchristian', ')+a4XYtAL2', '2023-06-15 21:42:37');
INSERT INTO user_table (firstname, lastname, email, username, password, created_at) VALUES ('Tony', 'Gonzalez', 'scarter@example.com', 'bwilliams', 'Fu)1&ObojL', '2023-01-22 19:31:20');
INSERT INTO user_table (firstname, lastname, email, username, password, created_at) VALUES ('Andre', 'Matthews', 'graydestiny@example.org', 'flewis', '3U3BeseU%G', '2023-03-25 06:16:18');
INSERT INTO user_table (firstname, lastname, email, username, password, created_at) VALUES ('Erika', 'Wang', 'uholland@example.net', 'brady00', '#1ADY!Ar_6', '2023-06-06 02:26:44');
INSERT INTO user_table (firstname, lastname, email, username, password, created_at) VALUES ('Michelle', 'Bryant', 'qpittman@example.org', 'lmorales', '*5n9B$iA7c', '2023-01-10 16:25:30');
INSERT INTO user_table (firstname, lastname, email, username, password, created_at) VALUES ('Benjamin', 'Gates', 'foxjennifer@example.com', 'feliciakrueger', '0#3LBncq&8', '2023-03-22 23:59:52');
INSERT INTO user_table (firstname, lastname, email, username, password, created_at) VALUES ('Matthew', 'Walker', 'meganscott@example.com', 'heidi08', '05NJlPOj!J', '2023-01-03 23:55:14');
INSERT INTO user_table (firstname, lastname, email, username, password, created_at) VALUES ('Kelly', 'Reilly', 'ovega@example.org', 'psmith', '^KF97B&i@^', '2023-04-28 21:58:35');
INSERT INTO user_table (firstname, lastname, email, username, password, created_at) VALUES ('Jacob', 'Hancock', 'castillojeremy@example.org', 'salaseric', '^Z3JNXxr@G', '2023-02-01 00:53:51');
INSERT INTO user_table (firstname, lastname, email, username, password, created_at) VALUES ('Teresa', 'Stevens', 'theresaorozco@example.org', 'jose68', 'sP)8jTeaS7', '2023-03-23 14:02:16');
INSERT INTO user_table (firstname, lastname, email, username, password, created_at) VALUES ('Jerry', 'Lee', 'christopher46@example.net', 'dalton79', '&P5NuCayg+', '2023-04-30 22:30:01');
INSERT INTO user_table (firstname, lastname, email, username, password, created_at) VALUES ('Thomas', 'Arias', 'hsmith@example.net', 'katrina06', 'R6u+eBlv(X', '2023-03-21 05:17:01');
INSERT INTO user_table (firstname, lastname, email, username, password, created_at) VALUES ('Brittany', 'Stewart', 'hailey84@example.com', 'erica01', '@+%vYN%l1P', '2023-06-09 22:04:46');
INSERT INTO user_table (firstname, lastname, email, username, password, created_at) VALUES ('Gina', 'Warren', 'bobby87@example.org', 'bschmitt', '@I6wW#gp1n', '2023-05-20 10:01:57');
INSERT INTO user_table (firstname, lastname, email, username, password, created_at) VALUES ('Michelle', 'Good', 'daniel74@example.net', 'collinsstacy', ')8@MZIxtIO', '2023-04-29 13:23:49');
INSERT INTO user_table (firstname, lastname, email, username, password, created_at) VALUES ('Nathaniel', 'Pittman', 'andersonjohn@example.org', 'lawrencerickey', 'qG2Ew07E_t', '2023-05-19 20:39:18');
INSERT INTO user_table (firstname, lastname, email, username, password, created_at) VALUES ('Sharon', 'Ayers', 'zsmith@example.org', 'david30', 'J^b1YqDRyW', '2023-01-07 13:14:29');
INSERT INTO user_table (firstname, lastname, email, username, password, created_at) VALUES ('Mark', 'Marquez', 'jeffreyfrank@example.org', 'bauercameron', 'm@X8JGdv(g', '2023-02-18 03:40:43');
INSERT INTO user_table (firstname, lastname, email, username, password, created_at) VALUES ('Jon', 'Avila', 'ywilliams@example.com', 'anthonyross', '_4W0uWAr4+', '2023-05-07 04:32:50');
INSERT INTO user_table (firstname, lastname, email, username, password, created_at) VALUES ('Roger', 'Jones', 'bakerbrianna@example.com', 'elizabeth22', 'mQ20(TmOb!', '2023-03-08 09:46:10');
INSERT INTO user_table (firstname, lastname, email, username, password, created_at) VALUES ('Brandon', 'Wilson', 'barbara20@example.org', 'michellerowe', '2hJc7^gR(R', '2023-03-21 09:48:39');
INSERT INTO user_table (firstname, lastname, email, username, password, created_at) VALUES ('Jorge', 'George', 'lewisjudith@example.com', 'jandrade', '*1By7h^P@f', '2023-06-29 09:52:45');
INSERT INTO user_table (firstname, lastname, email, username, password, created_at) VALUES ('Sarah', 'Hoffman', 'nicole52@example.net', 'victoriareed', '_s3Snczl8^', '2023-01-05 14:06:33');
INSERT INTO user_table (firstname, lastname, email, username, password, created_at) VALUES ('Colleen', 'Greene', 'lscott@example.net', 'martinezmaureen', '8)G1GdcY!z', '2023-05-21 01:32:26');
INSERT INTO user_table (firstname, lastname, email, username, password, created_at) VALUES ('Wayne', 'Ruiz', 'littlemichael@example.com', 'kjimenez', '_e9S8ByxMP', '2023-03-12 14:22:10');
INSERT INTO user_table (firstname, lastname, email, username, password, created_at) VALUES ('Kelly', 'Erickson', 'johnsonanthony@example.net', 'murphynancy', '+5ZXQzEVPb', '2023-01-30 01:46:30');
INSERT INTO user_table (firstname, lastname, email, username, password, created_at) VALUES ('Karen', 'Taylor', 'jose43@example.com', 'katrinajenkins', 'bg(@6C1hsX', '2023-01-29 15:56:15');
INSERT INTO user_table (firstname, lastname, email, username, password, created_at) VALUES ('Michael', 'Wiggins', 'ddavis@example.org', 'pricejames', '@7P8l^kGOV', '2023-03-23 19:20:40');
INSERT INTO user_table (firstname, lastname, email, username, password, created_at) VALUES ('Joel', 'Duarte', 'hartmantammy@example.net', 'jalexander', '+A9wrzAX6m', '2023-02-13 07:11:04');
INSERT INTO user_table (firstname, lastname, email, username, password, created_at) VALUES ('Patrick', 'Dean', 'bryanhamilton@example.net', 'thernandez', '8g%(IWsz*6', '2023-04-04 18:07:01');
INSERT INTO user_table (firstname, lastname, email, username, password, created_at) VALUES ('Vincent', 'Frederick', 'janice38@example.net', 'martinezbrett', 'D%T9EGahfk', '2023-02-14 07:43:40');
INSERT INTO user_table (firstname, lastname, email, username, password, created_at) VALUES ('Kevin', 'Thomas', 'brittany94@example.com', 'christopher52', 'M)gP5Ynv)T', '2023-06-01 12:17:59');
INSERT INTO user_table (firstname, lastname, email, username, password, created_at) VALUES ('Jennifer', 'Gilbert', 'williamsonrachel@example.com', 'tgarrett', '$*OQ(2PsGu', '2023-03-20 14:00:37');
INSERT INTO user_table (firstname, lastname, email, username, password, created_at) VALUES ('Trevor', 'Huffman', 'ballstanley@example.com', 'wellseric', 'sSFQ1Wlsk^', '2023-05-31 00:47:51');
INSERT INTO user_table (firstname, lastname, email, username, password, created_at) VALUES ('Stephanie', 'Brady', 'jessica95@example.net', 'yheath', '(1_R+Kxn9w', '2023-04-11 14:28:45');
INSERT INTO user_table (firstname, lastname, email, username, password, created_at) VALUES ('Kevin', 'Adams', 'hmurray@example.com', 'dennis17', 'pL2kK1vpn&', '2023-06-24 18:15:48');
INSERT INTO user_table (firstname, lastname, email, username, password, created_at) VALUES ('Jill', 'Thomas', 'jesse39@example.net', 'mark24', '#crS77x2d4', '2023-03-31 16:42:44');
INSERT INTO user_table (firstname, lastname, email, username, password, created_at) VALUES ('Trevor', 'Mills', 'aduncan@example.net', 'mgillespie', 'v!7BB$n+id', '2023-06-16 19:28:01');
INSERT INTO user_table (firstname, lastname, email, username, password, created_at) VALUES ('Brenda', 'Riddle', 'roycameron@example.net', 'joshua01', '6j6Nm_p#&Z', '2023-04-02 06:45:18');
INSERT INTO user_table (firstname, lastname, email, username, password, created_at) VALUES ('Joshua', 'Carlson', 'cleblanc@example.org', 'jasonballard', 'q%m&4EWjXs', '2023-04-14 09:27:11');
INSERT INTO user_table (firstname, lastname, email, username, password, created_at) VALUES ('Joshua', 'Berry', 'ysosa@example.net', 'natalieholmes', '8+AL3X*m)%', '2023-01-02 03:01:51');
INSERT INTO user_table (firstname, lastname, email, username, password, created_at) VALUES ('Brandi', 'Roberts', 'ashleysmith@example.net', 'chencolin', '@&5gnfZxw1', '2023-03-23 00:22:33');
INSERT INTO user_table (firstname, lastname, email, username, password, created_at) VALUES ('Lisa', 'Hogan', 'lhughes@example.org', 'nancythomas', 'h2^I#SfN^Y', '2023-06-09 00:55:00');
INSERT INTO user_table (firstname, lastname, email, username, password, created_at) VALUES ('Anthony', 'Brown', 'lorraine12@example.org', 'marydean', '&DB9pyTxE7', '2023-01-04 09:18:56');
INSERT INTO user_table (firstname, lastname, email, username, password, created_at) VALUES ('Brett', 'Vasquez', 'yford@example.net', 'mariafox', '(*3JY7rEo2', '2023-03-10 06:04:06');
INSERT INTO user_table (firstname, lastname, email, username, password, created_at) VALUES ('Steven', 'Waters', 'ashley12@example.net', 'william25', '6^TMKPPo_U', '2023-04-04 00:57:28');
INSERT INTO user_table (firstname, lastname, email, username, password, created_at) VALUES ('Connie', 'Nichols', 'poolemichael@example.net', 'ambernelson', '_KGAtOaf*8', '2023-02-21 17:42:01');
INSERT INTO user_table (firstname, lastname, email, username, password, created_at) VALUES ('Alexander', 'Williams', 'ecervantes@example.org', 'anthony18', '_hjf3BUwyO', '2023-02-06 16:11:05');
INSERT INTO user_table (firstname, lastname, email, username, password, created_at) VALUES ('Erica', 'Gross', 'nicolestokes@example.net', 'richardharper', 'P(%6uCz180', '2023-06-26 04:24:12');
INSERT INTO user_table (firstname, lastname, email, username, password, created_at) VALUES ('Joe', 'Rivera', 'balexander@example.com', 'richard81', '(2xVAy3+@A', '2023-06-11 17:02:39');
INSERT INTO user_table (firstname, lastname, email, username, password, created_at) VALUES ('Derrick', 'Tate', 'pmurray@example.net', 'mstewart', '3Nsh^ESy&S', '2023-02-23 06:50:07');
INSERT INTO user_table (firstname, lastname, email, username, password, created_at) VALUES ('Sandra', 'Woodward', 'jfrench@example.com', 'theresaperry', '10UcBvaz@B', '2023-02-07 14:33:01');
INSERT INTO user_table (firstname, lastname, email, username, password, created_at) VALUES ('Shannon', 'Daniel', 'benjaminlamb@example.net', 'james27', '!Txgksbw%7', '2023-02-04 13:00:50');
INSERT INTO user_table (firstname, lastname, email, username, password, created_at) VALUES ('Craig', 'Wilson', 'angela86@example.org', 'melissa61', '*NOXLvOho3', '2023-01-02 12:42:04');
INSERT INTO user_table (firstname, lastname, email, username, password, created_at) VALUES ('James', 'Rice', 'jessica50@example.net', 'reedcody', '$86GhDcm&d', '2023-05-05 09:01:53');
INSERT INTO user_table (firstname, lastname, email, username, password, created_at) VALUES ('Aaron', 'Coleman', 'justinroy@example.net', 'victorwright', '#3NTTIdu_7', '2023-02-20 11:27:27');
INSERT INTO user_table (firstname, lastname, email, username, password, created_at) VALUES ('Roger', 'Heath', 'hpeterson@example.com', 'daniel24', '@^q3jGlVTo', '2023-03-06 08:43:16');
INSERT INTO user_table (firstname, lastname, email, username, password, created_at) VALUES ('Brian', 'Hayes', 'qsmith@example.net', 'ryannewman', '^Z7l)MqyBH', '2023-05-28 21:07:16');
INSERT INTO user_table (firstname, lastname, email, username, password, created_at) VALUES ('Michael', 'Stevens', 'courtneywilliams@example.org', 'ejohnson', 'KzX#R3Tm^P', '2023-01-07 10:02:25');
INSERT INTO user_table (firstname, lastname, email, username, password, created_at) VALUES ('Tammy', 'Kim', 'michellelam@example.org', 'aweaver', '_2Os_XWp62', '2023-01-13 04:46:53');
INSERT INTO user_table (firstname, lastname, email, username, password, created_at) VALUES ('Benjamin', 'Lester', 'vnunez@example.com', 'jharrell', '+0TouL3j(K', '2023-04-19 17:17:42');
INSERT INTO user_table (firstname, lastname, email, username, password, created_at) VALUES ('Kevin', 'Berg', 'donmeyer@example.org', 'onelson', 'qJLEvgJd_4', '2023-01-11 19:49:29');
INSERT INTO user_table (firstname, lastname, email, username, password, created_at) VALUES ('Kenneth', 'Robinson', 'meyerzachary@example.org', 'zrhodes', '%9NcYsUkMf', '2023-05-24 00:16:32');
INSERT INTO user_table (firstname, lastname, email, username, password, created_at) VALUES ('Maria', 'Hughes', 'taylor66@example.net', 'michelle50', 'ORJ1RLmD)U', '2023-06-21 12:35:57');
INSERT INTO user_table (firstname, lastname, email, username, password, created_at) VALUES ('Michael', 'Cohen', 'hallkirsten@example.com', 'amcbride', '%%Q1OcPWwc', '2023-04-17 05:56:40');
INSERT INTO user_table (firstname, lastname, email, username, password, created_at) VALUES ('Spencer', 'Rosario', 'janet13@example.com', 'cgomez', '#P29z_Dz*(', '2023-01-21 07:56:31');
INSERT INTO user_table (firstname, lastname, email, username, password, created_at) VALUES ('Lisa', 'Wiley', 'robert50@example.net', 'christopherpearson', '_4VTZMwVEb', '2023-01-03 23:17:51');
INSERT INTO user_table (firstname, lastname, email, username, password, created_at) VALUES ('Aaron', 'Crosby', 'jennifersnow@example.org', 'egutierrez', '&UWson!ro2', '2023-04-18 18:22:47');
INSERT INTO user_table (firstname, lastname, email, username, password, created_at) VALUES ('Kevin', 'Thomas', 'angelicamarshall@example.net', 'youngtodd', 'BrEozsrL#2', '2023-04-10 09:06:19');
INSERT INTO user_table (firstname, lastname, email, username, password, created_at) VALUES ('Ashley', 'Johnson', 'mooredustin@example.com', 'escobarheather', '!TAOff*pK0', '2023-01-16 14:39:54');
INSERT INTO user_table (firstname, lastname, email, username, password, created_at) VALUES ('Brianna', 'Bell', 'debbie83@example.org', 'michaelconley', 'rUa73QdO@*', '2023-04-16 03:49:11');
INSERT INTO user_table (firstname, lastname, email, username, password, created_at) VALUES ('Jeremy', 'Carter', 'valexander@example.com', 'micheleriley', '(yA9fW14#3', '2023-02-25 12:59:12');
INSERT INTO user_table (firstname, lastname, email, username, password, created_at) VALUES ('Anthony', 'Luna', 'michelle14@example.org', 'valerie67', 'b6Oc^6oc*r', '2023-06-09 09:35:20');
INSERT INTO user_table (firstname, lastname, email, username, password, created_at) VALUES ('Thomas', 'Lopez', 'pjohnson@example.net', 'jenniferdavid', '5&7Ybo1hw%', '2023-03-28 18:50:26');
INSERT INTO user_table (firstname, lastname, email, username, password, created_at) VALUES ('Samantha', 'Mayer', 'robert95@example.org', 'ymurray', '_z2QzG+z@M', '2023-01-19 00:29:44');
INSERT INTO user_table (firstname, lastname, email, username, password, created_at) VALUES ('Emily', 'Kidd', 'fcook@example.com', 'kristen90', '$2eDiybm7a', '2023-05-08 20:03:34');
INSERT INTO user_table (firstname, lastname, email, username, password, created_at) VALUES ('Timothy', 'Lozano', 'donaldrobinson@example.org', 'ssloan', 'G%9Yne8P3Z', '2023-02-01 16:55:01');
INSERT INTO user_table (firstname, lastname, email, username, password, created_at) VALUES ('Sandra', 'Robinson', 'schultzfrederick@example.com', 'ramosholly', 'l^61Urh1&g', '2023-05-21 08:23:36');
INSERT INTO user_table (firstname, lastname, email, username, password, created_at) VALUES ('Todd', 'Martin', 'brandon32@example.org', 'james72', 'Yk1Kutbf&+', '2023-05-02 14:41:08');
INSERT INTO user_table (firstname, lastname, email, username, password, created_at) VALUES ('Charles', 'Jones', 'jeremy87@example.org', 'reginaldlong', '5vU^0Q0dSD', '2023-01-26 07:27:56');
INSERT INTO user_table (firstname, lastname, email, username, password, created_at) VALUES ('Susan', 'Campbell', 'lperry@example.net', 'jamestina', 'LB5Bon1fL*', '2023-05-10 14:53:22');
INSERT INTO user_table (firstname, lastname, email, username, password, created_at) VALUES ('Joshua', 'Bowen', 'kyle15@example.net', 'william32', '4$ys8_Zp)w', '2023-04-15 10:59:46');
INSERT INTO user_table (firstname, lastname, email, username, password, created_at) VALUES ('Donald', 'Yates', 'brianna93@example.com', 'adamholt', '&X7VyO0u2P', '2023-06-16 19:46:01');
INSERT INTO user_table (firstname, lastname, email, username, password, created_at) VALUES ('Kayla', 'Hobbs', 'eric68@example.org', 'don62', '#w7VBbliIw', '2023-05-13 22:35:40');
INSERT INTO user_table (firstname, lastname, email, username, password, created_at) VALUES ('Paul', 'Manning', 'hansenmanuel@example.com', 'gomezbridget', 'c%L@*4LgEH', '2023-05-18 07:57:06');
INSERT INTO user_table (firstname, lastname, email, username, password, created_at) VALUES ('Tammy', 'Lawrence', 'bgibson@example.org', 'agibson', '+uhYEYXnP7', '2023-06-18 20:22:48');
INSERT INTO user_table (firstname, lastname, email, username, password, created_at) VALUES ('Jerry', 'Bailey', 'hwatson@example.org', 'stephanie09', '#emQs%&0b1', '2023-03-18 23:35:57');
INSERT INTO user_table (firstname, lastname, email, username, password, created_at) VALUES ('David', 'Griffith', 'ijones@example.net', 'tarajacobs', 'S^2WtQgKDl', '2023-03-31 14:51:46');
INSERT INTO user_email_verification (user_id, verified_at) VALUES (1, '2023-05-06 17:43:28');
INSERT INTO user_email_verification (user_id, verified_at) VALUES (2, '2023-01-13 11:53:28');
INSERT INTO user_email_verification (user_id, verified_at) VALUES (3, '2023-06-20 20:13:44');
INSERT INTO user_email_verification (user_id, verified_at) VALUES (4, '2023-05-19 07:22:21');
INSERT INTO user_email_verification (user_id, verified_at) VALUES (5, '2023-02-14 14:51:40');
INSERT INTO user_email_verification (user_id, verified_at) VALUES (6, '2023-03-16 09:59:32');
INSERT INTO user_email_verification (user_id, verified_at) VALUES (7, '2023-03-11 02:30:10');
INSERT INTO user_email_verification (user_id, verified_at) VALUES (8, '2023-05-18 00:58:17');
INSERT INTO user_email_verification (user_id, verified_at) VALUES (9, '2023-05-07 10:40:06');
INSERT INTO user_email_verification (user_id, verified_at) VALUES (10, '2023-02-21 01:39:29');
INSERT INTO user_email_verification (user_id, verified_at) VALUES (11, '2023-05-25 20:14:01');
INSERT INTO user_email_verification (user_id, verified_at) VALUES (12, '2023-02-19 16:32:30');
INSERT INTO user_email_verification (user_id, verified_at) VALUES (13, '2023-02-16 23:36:22');
INSERT INTO user_email_verification (user_id, verified_at) VALUES (14, '2023-06-14 00:29:23');
INSERT INTO user_email_verification (user_id, verified_at) VALUES (15, '2023-02-15 09:00:19');
INSERT INTO user_email_verification (user_id, verified_at) VALUES (16, '2023-03-15 03:23:06');
INSERT INTO user_email_verification (user_id, verified_at) VALUES (17, '2023-06-28 20:15:09');
INSERT INTO user_email_verification (user_id, verified_at) VALUES (18, '2023-02-19 11:50:24');
INSERT INTO user_email_verification (user_id, verified_at) VALUES (19, '2023-05-23 04:37:23');
INSERT INTO user_email_verification (user_id, verified_at) VALUES (20, '2023-05-21 08:36:10');
INSERT INTO user_email_verification (user_id, verified_at) VALUES (21, '2023-06-21 15:28:34');
INSERT INTO user_email_verification (user_id, verified_at) VALUES (22, '2023-01-03 17:30:48');
INSERT INTO user_email_verification (user_id, verified_at) VALUES (23, '2023-02-16 18:48:24');
INSERT INTO user_email_verification (user_id, verified_at) VALUES (24, '2023-03-17 07:24:33');
INSERT INTO user_email_verification (user_id, verified_at) VALUES (25, '2023-06-20 21:07:37');
INSERT INTO user_email_verification (user_id, verified_at) VALUES (26, '2023-01-09 16:09:10');
INSERT INTO user_email_verification (user_id, verified_at) VALUES (27, '2023-02-10 07:39:37');
INSERT INTO user_email_verification (user_id, verified_at) VALUES (28, '2023-06-13 08:16:39');
INSERT INTO user_email_verification (user_id, verified_at) VALUES (29, '2023-02-03 19:26:41');
INSERT INTO user_email_verification (user_id, verified_at) VALUES (30, '2023-03-29 10:24:52');
INSERT INTO user_email_verification (user_id, verified_at) VALUES (31, '2023-01-11 12:04:08');
INSERT INTO user_email_verification (user_id, verified_at) VALUES (32, '2023-06-04 07:47:10');
INSERT INTO user_email_verification (user_id, verified_at) VALUES (33, '2023-06-14 16:05:41');
INSERT INTO user_email_verification (user_id, verified_at) VALUES (34, '2023-02-28 04:54:08');
INSERT INTO user_email_verification (user_id, verified_at) VALUES (35, '2023-03-08 09:25:44');
INSERT INTO user_email_verification (user_id, verified_at) VALUES (36, '2023-03-30 11:25:39');
INSERT INTO user_email_verification (user_id, verified_at) VALUES (37, '2023-02-26 23:30:49');
INSERT INTO user_email_verification (user_id, verified_at) VALUES (38, '2023-01-07 21:14:57');
INSERT INTO user_email_verification (user_id, verified_at) VALUES (39, '2023-03-31 20:22:37');
INSERT INTO user_email_verification (user_id, verified_at) VALUES (40, '2023-02-04 05:10:46');
INSERT INTO user_email_verification (user_id, verified_at) VALUES (41, '2023-03-01 23:28:21');
INSERT INTO user_email_verification (user_id, verified_at) VALUES (42, '2023-01-05 19:43:55');
INSERT INTO user_email_verification (user_id, verified_at) VALUES (43, '2023-06-03 01:55:42');
INSERT INTO user_email_verification (user_id, verified_at) VALUES (44, '2023-03-17 14:43:06');
INSERT INTO user_email_verification (user_id, verified_at) VALUES (45, '2023-01-05 21:34:13');
INSERT INTO user_email_verification (user_id, verified_at) VALUES (46, '2023-02-21 18:22:59');
INSERT INTO user_email_verification (user_id, verified_at) VALUES (47, '2023-04-26 19:19:41');
INSERT INTO user_email_verification (user_id, verified_at) VALUES (48, '2023-03-20 19:08:28');
INSERT INTO user_email_verification (user_id, verified_at) VALUES (49, '2023-05-27 01:30:58');
INSERT INTO user_email_verification (user_id, verified_at) VALUES (50, '2023-05-24 19:34:22');
INSERT INTO user_email_verification (user_id, verified_at) VALUES (51, '2023-04-01 15:50:31');
INSERT INTO user_email_verification (user_id, verified_at) VALUES (52, '2023-04-10 04:09:05');
INSERT INTO user_email_verification (user_id, verified_at) VALUES (53, '2023-06-04 19:23:19');
INSERT INTO user_email_verification (user_id, verified_at) VALUES (54, '2023-04-07 15:40:39');
INSERT INTO user_email_verification (user_id, verified_at) VALUES (55, '2023-01-11 11:26:42');
INSERT INTO user_email_verification (user_id, verified_at) VALUES (56, '2023-01-14 08:31:02');
INSERT INTO user_email_verification (user_id, verified_at) VALUES (57, '2023-04-25 10:11:07');
INSERT INTO user_email_verification (user_id, verified_at) VALUES (58, '2023-04-05 13:54:15');
INSERT INTO user_email_verification (user_id, verified_at) VALUES (59, '2023-04-23 22:07:14');
INSERT INTO user_email_verification (user_id, verified_at) VALUES (60, '2023-04-20 00:35:14');
INSERT INTO user_email_verification (user_id, verified_at) VALUES (61, '2023-06-15 14:54:44');
INSERT INTO user_email_verification (user_id, verified_at) VALUES (62, '2023-03-11 12:57:06');
INSERT INTO user_email_verification (user_id, verified_at) VALUES (63, '2023-03-29 00:29:10');
INSERT INTO user_email_verification (user_id, verified_at) VALUES (64, '2023-01-31 02:57:26');
INSERT INTO user_email_verification (user_id, verified_at) VALUES (65, '2023-01-27 01:58:49');
INSERT INTO user_email_verification (user_id, verified_at) VALUES (66, '2023-05-20 18:17:51');
INSERT INTO user_email_verification (user_id, verified_at) VALUES (67, '2023-03-20 01:33:55');
INSERT INTO user_email_verification (user_id, verified_at) VALUES (68, '2023-06-15 12:44:03');
INSERT INTO user_email_verification (user_id, verified_at) VALUES (69, '2023-04-17 05:13:22');
INSERT INTO user_email_verification (user_id, verified_at) VALUES (70, '2023-01-27 00:01:52');
INSERT INTO user_email_verification (user_id, verified_at) VALUES (71, '2023-01-14 02:04:09');
INSERT INTO user_email_verification (user_id, verified_at) VALUES (72, '2023-03-23 11:29:16');
INSERT INTO user_email_verification (user_id, verified_at) VALUES (73, '2023-01-25 04:35:55');
INSERT INTO user_email_verification (user_id, verified_at) VALUES (74, '2023-06-14 23:36:08');
INSERT INTO user_email_verification (user_id, verified_at) VALUES (75, '2023-05-19 14:39:53');
INSERT INTO user_email_verification (user_id, verified_at) VALUES (76, '2023-06-10 08:50:41');
INSERT INTO user_email_verification (user_id, verified_at) VALUES (77, '2023-02-04 12:19:16');
INSERT INTO user_email_verification (user_id, verified_at) VALUES (78, '2023-01-11 05:54:56');
INSERT INTO user_email_verification (user_id, verified_at) VALUES (79, '2023-02-23 14:01:21');
INSERT INTO user_email_verification (user_id, verified_at) VALUES (80, '2023-01-07 18:08:46');
INSERT INTO user_email_verification (user_id, verified_at) VALUES (81, '2023-06-22 11:17:11');
INSERT INTO user_email_verification (user_id, verified_at) VALUES (82, '2023-06-10 19:49:24');
INSERT INTO user_email_verification (user_id, verified_at) VALUES (83, '2023-05-19 04:45:54');
INSERT INTO user_email_verification (user_id, verified_at) VALUES (84, '2023-03-22 04:10:25');
INSERT INTO user_email_verification (user_id, verified_at) VALUES (85, '2023-03-04 19:46:16');
INSERT INTO session_table (user_id, connected_at) VALUES (1, '2023-03-13 04:12:32');
INSERT INTO session_table (user_id, connected_at) VALUES (1, '2023-01-08 17:38:21');
INSERT INTO session_table (user_id, connected_at) VALUES (1, '2023-01-03 06:56:20');
INSERT INTO session_table (user_id, connected_at) VALUES (1, '2023-03-21 22:11:52');
INSERT INTO session_table (user_id, connected_at) VALUES (1, '2023-04-27 15:29:27');
INSERT INTO session_table (user_id, connected_at) VALUES (1, '2023-01-21 15:56:28');
INSERT INTO session_table (user_id, connected_at) VALUES (1, '2023-05-27 06:22:56');
INSERT INTO session_table (user_id, connected_at) VALUES (1, '2023-05-17 18:24:15');
INSERT INTO session_table (user_id, connected_at) VALUES (1, '2023-01-25 21:31:32');
INSERT INTO session_table (user_id, connected_at) VALUES (1, '2023-02-04 07:47:49');
INSERT INTO session_table (user_id, connected_at) VALUES (2, '2023-03-03 09:58:18');
INSERT INTO session_table (user_id, connected_at) VALUES (2, '2023-03-02 15:29:52');
INSERT INTO session_table (user_id, connected_at) VALUES (2, '2023-02-23 03:44:05');
INSERT INTO session_table (user_id, connected_at) VALUES (2, '2023-04-08 15:09:08');
INSERT INTO session_table (user_id, connected_at) VALUES (2, '2023-02-25 13:56:45');
INSERT INTO session_table (user_id, connected_at) VALUES (2, '2023-06-11 13:36:50');
INSERT INTO session_table (user_id, connected_at) VALUES (2, '2023-03-20 00:08:41');
INSERT INTO session_table (user_id, connected_at) VALUES (2, '2023-03-15 22:24:14');
INSERT INTO session_table (user_id, connected_at) VALUES (2, '2023-03-19 17:04:48');
INSERT INTO session_table (user_id, connected_at) VALUES (2, '2023-05-18 03:46:45');
INSERT INTO session_table (user_id, connected_at) VALUES (3, '2023-06-05 21:02:01');
INSERT INTO session_table (user_id, connected_at) VALUES (3, '2023-02-15 15:53:32');
INSERT INTO session_table (user_id, connected_at) VALUES (3, '2023-02-03 07:40:07');
INSERT INTO session_table (user_id, connected_at) VALUES (3, '2023-03-29 18:22:28');
INSERT INTO session_table (user_id, connected_at) VALUES (3, '2023-03-14 16:14:48');
INSERT INTO session_table (user_id, connected_at) VALUES (3, '2023-05-23 13:03:18');
INSERT INTO session_table (user_id, connected_at) VALUES (3, '2023-05-16 19:53:01');
INSERT INTO session_table (user_id, connected_at) VALUES (3, '2023-06-11 10:27:42');
INSERT INTO session_table (user_id, connected_at) VALUES (3, '2023-04-11 14:57:24');
INSERT INTO session_table (user_id, connected_at) VALUES (3, '2023-03-04 03:19:20');
INSERT INTO session_table (user_id, connected_at) VALUES (4, '2023-02-14 10:46:36');
INSERT INTO session_table (user_id, connected_at) VALUES (4, '2023-02-22 04:29:01');
INSERT INTO session_table (user_id, connected_at) VALUES (4, '2023-04-15 21:09:53');
INSERT INTO session_table (user_id, connected_at) VALUES (4, '2023-04-10 05:53:36');
INSERT INTO session_table (user_id, connected_at) VALUES (4, '2023-04-13 02:05:50');
INSERT INTO session_table (user_id, connected_at) VALUES (4, '2023-06-05 02:28:00');
INSERT INTO session_table (user_id, connected_at) VALUES (4, '2023-05-26 00:27:01');
INSERT INTO session_table (user_id, connected_at) VALUES (4, '2023-02-28 09:34:47');
INSERT INTO session_table (user_id, connected_at) VALUES (4, '2023-01-31 17:13:45');
INSERT INTO session_table (user_id, connected_at) VALUES (4, '2023-03-06 16:00:43');
INSERT INTO session_table (user_id, connected_at) VALUES (5, '2023-06-23 04:49:52');
INSERT INTO session_table (user_id, connected_at) VALUES (5, '2023-05-11 03:33:57');
INSERT INTO session_table (user_id, connected_at) VALUES (5, '2023-03-29 13:08:50');
INSERT INTO session_table (user_id, connected_at) VALUES (5, '2023-01-30 02:48:03');
INSERT INTO session_table (user_id, connected_at) VALUES (5, '2023-04-18 03:33:26');
INSERT INTO session_table (user_id, connected_at) VALUES (5, '2023-04-03 02:30:08');
INSERT INTO session_table (user_id, connected_at) VALUES (5, '2023-05-24 13:13:31');
INSERT INTO session_table (user_id, connected_at) VALUES (5, '2023-06-08 23:15:55');
INSERT INTO session_table (user_id, connected_at) VALUES (5, '2023-03-24 09:41:59');
INSERT INTO session_table (user_id, connected_at) VALUES (5, '2023-04-02 16:45:10');
INSERT INTO session_table (user_id, connected_at) VALUES (6, '2023-04-11 05:07:40');
INSERT INTO session_table (user_id, connected_at) VALUES (6, '2023-01-18 23:06:45');
INSERT INTO session_table (user_id, connected_at) VALUES (6, '2023-02-01 19:47:14');
INSERT INTO session_table (user_id, connected_at) VALUES (6, '2023-05-31 22:12:52');
INSERT INTO session_table (user_id, connected_at) VALUES (6, '2023-02-12 11:29:25');
INSERT INTO session_table (user_id, connected_at) VALUES (6, '2023-01-05 08:17:50');
INSERT INTO session_table (user_id, connected_at) VALUES (6, '2023-03-19 08:36:10');
INSERT INTO session_table (user_id, connected_at) VALUES (6, '2023-06-19 10:34:38');
INSERT INTO session_table (user_id, connected_at) VALUES (6, '2023-05-03 02:30:57');
INSERT INTO session_table (user_id, connected_at) VALUES (6, '2023-05-20 20:48:06');
INSERT INTO session_table (user_id, connected_at) VALUES (7, '2023-02-14 02:46:30');
INSERT INTO session_table (user_id, connected_at) VALUES (7, '2023-05-24 14:39:30');
INSERT INTO session_table (user_id, connected_at) VALUES (7, '2023-04-30 12:34:19');
INSERT INTO session_table (user_id, connected_at) VALUES (7, '2023-01-19 19:29:30');
INSERT INTO session_table (user_id, connected_at) VALUES (7, '2023-06-30 05:33:23');
INSERT INTO session_table (user_id, connected_at) VALUES (7, '2023-02-17 19:58:32');
INSERT INTO session_table (user_id, connected_at) VALUES (7, '2023-06-08 04:32:35');
INSERT INTO session_table (user_id, connected_at) VALUES (7, '2023-06-28 09:22:42');
INSERT INTO session_table (user_id, connected_at) VALUES (7, '2023-04-08 14:36:57');
INSERT INTO session_table (user_id, connected_at) VALUES (7, '2023-05-11 20:29:31');
INSERT INTO session_table (user_id, connected_at) VALUES (8, '2023-01-20 04:17:18');
INSERT INTO session_table (user_id, connected_at) VALUES (8, '2023-05-02 15:12:08');
INSERT INTO session_table (user_id, connected_at) VALUES (8, '2023-02-01 05:18:41');
INSERT INTO session_table (user_id, connected_at) VALUES (8, '2023-04-06 11:10:12');
INSERT INTO session_table (user_id, connected_at) VALUES (8, '2023-04-20 00:12:17');
INSERT INTO session_table (user_id, connected_at) VALUES (8, '2023-05-10 11:08:19');
INSERT INTO session_table (user_id, connected_at) VALUES (8, '2023-02-20 21:00:13');
INSERT INTO session_table (user_id, connected_at) VALUES (8, '2023-01-16 14:57:36');
INSERT INTO session_table (user_id, connected_at) VALUES (8, '2023-04-28 16:57:39');
INSERT INTO session_table (user_id, connected_at) VALUES (8, '2023-06-11 23:50:02');
INSERT INTO session_table (user_id, connected_at) VALUES (9, '2023-01-04 03:14:09');
INSERT INTO session_table (user_id, connected_at) VALUES (9, '2023-01-11 13:57:07');
INSERT INTO session_table (user_id, connected_at) VALUES (9, '2023-01-16 23:09:32');
INSERT INTO session_table (user_id, connected_at) VALUES (9, '2023-01-29 14:21:30');
INSERT INTO session_table (user_id, connected_at) VALUES (9, '2023-05-22 12:44:30');
INSERT INTO session_table (user_id, connected_at) VALUES (9, '2023-05-03 04:46:31');
INSERT INTO session_table (user_id, connected_at) VALUES (9, '2023-05-07 02:04:17');
INSERT INTO session_table (user_id, connected_at) VALUES (9, '2023-01-17 01:33:09');
INSERT INTO session_table (user_id, connected_at) VALUES (9, '2023-04-11 14:43:07');
INSERT INTO session_table (user_id, connected_at) VALUES (9, '2023-01-15 16:45:43');
INSERT INTO session_table (user_id, connected_at) VALUES (10, '2023-05-02 03:04:23');
INSERT INTO session_table (user_id, connected_at) VALUES (10, '2023-03-25 20:54:40');
INSERT INTO session_table (user_id, connected_at) VALUES (10, '2023-03-03 11:05:09');
INSERT INTO session_table (user_id, connected_at) VALUES (10, '2023-05-16 02:06:05');
INSERT INTO session_table (user_id, connected_at) VALUES (10, '2023-04-23 02:02:14');
INSERT INTO session_table (user_id, connected_at) VALUES (10, '2023-03-12 08:40:03');
INSERT INTO session_table (user_id, connected_at) VALUES (10, '2023-01-28 14:45:46');
INSERT INTO session_table (user_id, connected_at) VALUES (10, '2023-01-14 09:52:06');
INSERT INTO session_table (user_id, connected_at) VALUES (10, '2023-06-13 03:45:32');
INSERT INTO session_table (user_id, connected_at) VALUES (10, '2023-02-19 06:27:29');
INSERT INTO session_table (user_id, connected_at) VALUES (11, '2023-02-25 00:21:38');
INSERT INTO session_table (user_id, connected_at) VALUES (11, '2023-05-06 11:34:57');
INSERT INTO session_table (user_id, connected_at) VALUES (11, '2023-05-24 19:38:25');
INSERT INTO session_table (user_id, connected_at) VALUES (11, '2023-03-03 14:11:56');
INSERT INTO session_table (user_id, connected_at) VALUES (11, '2023-01-14 12:01:32');
INSERT INTO session_table (user_id, connected_at) VALUES (11, '2023-06-17 06:04:57');
INSERT INTO session_table (user_id, connected_at) VALUES (11, '2023-05-01 18:41:02');
INSERT INTO session_table (user_id, connected_at) VALUES (11, '2023-01-30 07:07:37');
INSERT INTO session_table (user_id, connected_at) VALUES (11, '2023-06-25 07:56:11');
INSERT INTO session_table (user_id, connected_at) VALUES (11, '2023-06-15 06:32:12');
INSERT INTO session_table (user_id, connected_at) VALUES (12, '2023-03-08 19:36:41');
INSERT INTO session_table (user_id, connected_at) VALUES (12, '2023-02-06 07:23:15');
INSERT INTO session_table (user_id, connected_at) VALUES (12, '2023-03-28 04:00:28');
INSERT INTO session_table (user_id, connected_at) VALUES (12, '2023-05-26 04:18:49');
INSERT INTO session_table (user_id, connected_at) VALUES (12, '2023-01-11 13:07:01');
INSERT INTO session_table (user_id, connected_at) VALUES (12, '2023-06-15 08:28:42');
INSERT INTO session_table (user_id, connected_at) VALUES (12, '2023-03-13 00:49:03');
INSERT INTO session_table (user_id, connected_at) VALUES (12, '2023-05-18 22:15:24');
INSERT INTO session_table (user_id, connected_at) VALUES (12, '2023-05-12 13:26:19');
INSERT INTO session_table (user_id, connected_at) VALUES (12, '2023-06-18 15:50:01');
INSERT INTO session_table (user_id, connected_at) VALUES (13, '2023-02-16 23:51:06');
INSERT INTO session_table (user_id, connected_at) VALUES (13, '2023-02-14 12:23:32');
INSERT INTO session_table (user_id, connected_at) VALUES (13, '2023-01-18 20:12:55');
INSERT INTO session_table (user_id, connected_at) VALUES (13, '2023-05-17 14:35:45');
INSERT INTO session_table (user_id, connected_at) VALUES (13, '2023-02-07 07:38:04');
INSERT INTO session_table (user_id, connected_at) VALUES (13, '2023-06-05 01:12:31');
INSERT INTO session_table (user_id, connected_at) VALUES (13, '2023-05-15 01:44:57');
INSERT INTO session_table (user_id, connected_at) VALUES (13, '2023-04-14 22:43:47');
INSERT INTO session_table (user_id, connected_at) VALUES (13, '2023-03-13 06:10:15');
INSERT INTO session_table (user_id, connected_at) VALUES (13, '2023-06-30 21:51:42');
INSERT INTO session_table (user_id, connected_at) VALUES (14, '2023-03-31 09:53:13');
INSERT INTO session_table (user_id, connected_at) VALUES (14, '2023-02-10 02:28:03');
INSERT INTO session_table (user_id, connected_at) VALUES (14, '2023-01-31 02:00:03');
INSERT INTO session_table (user_id, connected_at) VALUES (14, '2023-06-14 21:39:35');
INSERT INTO session_table (user_id, connected_at) VALUES (14, '2023-04-18 07:15:52');
INSERT INTO session_table (user_id, connected_at) VALUES (14, '2023-06-05 01:39:57');
INSERT INTO session_table (user_id, connected_at) VALUES (14, '2023-06-01 17:50:54');
INSERT INTO session_table (user_id, connected_at) VALUES (14, '2023-05-06 17:51:42');
INSERT INTO session_table (user_id, connected_at) VALUES (14, '2023-01-20 18:42:35');
INSERT INTO session_table (user_id, connected_at) VALUES (14, '2023-05-25 18:51:48');
INSERT INTO session_table (user_id, connected_at) VALUES (15, '2023-05-05 11:58:34');
INSERT INTO session_table (user_id, connected_at) VALUES (15, '2023-01-25 10:54:36');
INSERT INTO session_table (user_id, connected_at) VALUES (15, '2023-05-29 17:44:26');
INSERT INTO session_table (user_id, connected_at) VALUES (15, '2023-05-10 12:06:44');
INSERT INTO session_table (user_id, connected_at) VALUES (15, '2023-06-15 02:14:07');
INSERT INTO session_table (user_id, connected_at) VALUES (15, '2023-02-11 07:14:03');
INSERT INTO session_table (user_id, connected_at) VALUES (15, '2023-01-22 16:42:06');
INSERT INTO session_table (user_id, connected_at) VALUES (15, '2023-03-08 20:32:07');
INSERT INTO session_table (user_id, connected_at) VALUES (15, '2023-06-27 17:29:13');
INSERT INTO session_table (user_id, connected_at) VALUES (15, '2023-03-04 20:51:19');
INSERT INTO session_table (user_id, connected_at) VALUES (16, '2023-05-25 04:46:02');
INSERT INTO session_table (user_id, connected_at) VALUES (16, '2023-04-25 05:56:50');
INSERT INTO session_table (user_id, connected_at) VALUES (16, '2023-02-09 04:38:34');
INSERT INTO session_table (user_id, connected_at) VALUES (16, '2023-05-26 03:22:33');
INSERT INTO session_table (user_id, connected_at) VALUES (16, '2023-01-10 01:51:26');
INSERT INTO session_table (user_id, connected_at) VALUES (16, '2023-03-07 02:42:15');
INSERT INTO session_table (user_id, connected_at) VALUES (16, '2023-01-26 18:34:50');
INSERT INTO session_table (user_id, connected_at) VALUES (16, '2023-04-27 22:52:53');
INSERT INTO session_table (user_id, connected_at) VALUES (16, '2023-01-23 09:56:59');
INSERT INTO session_table (user_id, connected_at) VALUES (16, '2023-05-07 13:06:23');
INSERT INTO session_table (user_id, connected_at) VALUES (17, '2023-01-01 16:16:18');
INSERT INTO session_table (user_id, connected_at) VALUES (17, '2023-05-24 11:06:40');
INSERT INTO session_table (user_id, connected_at) VALUES (17, '2023-06-03 01:32:50');
INSERT INTO session_table (user_id, connected_at) VALUES (17, '2023-05-14 06:23:19');
INSERT INTO session_table (user_id, connected_at) VALUES (17, '2023-04-03 20:31:54');
INSERT INTO session_table (user_id, connected_at) VALUES (17, '2023-01-08 02:31:25');
INSERT INTO session_table (user_id, connected_at) VALUES (17, '2023-01-01 05:06:41');
INSERT INTO session_table (user_id, connected_at) VALUES (17, '2023-02-27 01:51:57');
INSERT INTO session_table (user_id, connected_at) VALUES (17, '2023-06-01 14:46:30');
INSERT INTO session_table (user_id, connected_at) VALUES (17, '2023-03-26 23:57:47');
INSERT INTO session_table (user_id, connected_at) VALUES (18, '2023-05-06 18:52:19');
INSERT INTO session_table (user_id, connected_at) VALUES (18, '2023-03-03 09:20:00');
INSERT INTO session_table (user_id, connected_at) VALUES (18, '2023-05-11 22:58:49');
INSERT INTO session_table (user_id, connected_at) VALUES (18, '2023-01-31 08:03:26');
INSERT INTO session_table (user_id, connected_at) VALUES (18, '2023-04-20 14:17:38');
INSERT INTO session_table (user_id, connected_at) VALUES (18, '2023-05-26 15:12:23');
INSERT INTO session_table (user_id, connected_at) VALUES (18, '2023-06-15 20:18:55');
INSERT INTO session_table (user_id, connected_at) VALUES (18, '2023-04-02 19:46:02');
INSERT INTO session_table (user_id, connected_at) VALUES (18, '2023-06-15 11:22:30');
INSERT INTO session_table (user_id, connected_at) VALUES (18, '2023-05-20 08:28:20');
INSERT INTO session_table (user_id, connected_at) VALUES (19, '2023-01-05 04:39:18');
INSERT INTO session_table (user_id, connected_at) VALUES (19, '2023-03-24 00:54:09');
INSERT INTO session_table (user_id, connected_at) VALUES (19, '2023-02-15 02:05:38');
INSERT INTO session_table (user_id, connected_at) VALUES (19, '2023-05-15 10:37:50');
INSERT INTO session_table (user_id, connected_at) VALUES (19, '2023-05-17 13:43:40');
INSERT INTO session_table (user_id, connected_at) VALUES (19, '2023-03-04 11:19:06');
INSERT INTO session_table (user_id, connected_at) VALUES (19, '2023-04-26 03:09:33');
INSERT INTO session_table (user_id, connected_at) VALUES (19, '2023-05-29 10:31:28');
INSERT INTO session_table (user_id, connected_at) VALUES (19, '2023-06-22 06:05:00');
INSERT INTO session_table (user_id, connected_at) VALUES (19, '2023-01-28 08:05:53');
INSERT INTO session_table (user_id, connected_at) VALUES (20, '2023-04-25 15:15:14');
INSERT INTO session_table (user_id, connected_at) VALUES (20, '2023-02-12 18:40:36');
INSERT INTO session_table (user_id, connected_at) VALUES (20, '2023-05-21 02:25:10');
INSERT INTO session_table (user_id, connected_at) VALUES (20, '2023-05-08 02:05:08');
INSERT INTO session_table (user_id, connected_at) VALUES (20, '2023-04-24 06:03:02');
INSERT INTO session_table (user_id, connected_at) VALUES (20, '2023-02-25 19:26:04');
INSERT INTO session_table (user_id, connected_at) VALUES (20, '2023-02-10 07:27:20');
INSERT INTO session_table (user_id, connected_at) VALUES (20, '2023-06-15 01:02:24');
INSERT INTO session_table (user_id, connected_at) VALUES (20, '2023-04-06 23:04:00');
INSERT INTO session_table (user_id, connected_at) VALUES (20, '2023-05-04 15:59:23');
INSERT INTO session_table (user_id, connected_at) VALUES (21, '2023-01-06 19:23:56');
INSERT INTO session_table (user_id, connected_at) VALUES (21, '2023-03-14 04:50:55');
INSERT INTO session_table (user_id, connected_at) VALUES (21, '2023-01-25 05:34:46');
INSERT INTO session_table (user_id, connected_at) VALUES (21, '2023-06-16 15:08:59');
INSERT INTO session_table (user_id, connected_at) VALUES (21, '2023-04-12 05:39:24');
INSERT INTO session_table (user_id, connected_at) VALUES (21, '2023-03-24 23:19:15');
INSERT INTO session_table (user_id, connected_at) VALUES (21, '2023-06-05 11:02:12');
INSERT INTO session_table (user_id, connected_at) VALUES (21, '2023-03-02 08:22:50');
INSERT INTO session_table (user_id, connected_at) VALUES (21, '2023-01-28 03:07:27');
INSERT INTO session_table (user_id, connected_at) VALUES (21, '2023-05-20 06:34:28');
INSERT INTO session_table (user_id, connected_at) VALUES (22, '2023-02-01 06:43:33');
INSERT INTO session_table (user_id, connected_at) VALUES (22, '2023-04-02 16:13:44');
INSERT INTO session_table (user_id, connected_at) VALUES (22, '2023-05-25 03:10:32');
INSERT INTO session_table (user_id, connected_at) VALUES (22, '2023-01-16 09:43:18');
INSERT INTO session_table (user_id, connected_at) VALUES (22, '2023-03-31 08:43:51');
INSERT INTO session_table (user_id, connected_at) VALUES (22, '2023-04-11 22:30:14');
INSERT INTO session_table (user_id, connected_at) VALUES (22, '2023-05-05 10:38:15');
INSERT INTO session_table (user_id, connected_at) VALUES (22, '2023-02-06 04:43:10');
INSERT INTO session_table (user_id, connected_at) VALUES (22, '2023-04-04 04:57:36');
INSERT INTO session_table (user_id, connected_at) VALUES (22, '2023-02-06 07:29:04');
INSERT INTO session_table (user_id, connected_at) VALUES (23, '2023-05-21 10:00:18');
INSERT INTO session_table (user_id, connected_at) VALUES (23, '2023-05-03 16:56:53');
INSERT INTO session_table (user_id, connected_at) VALUES (23, '2023-04-25 18:13:19');
INSERT INTO session_table (user_id, connected_at) VALUES (23, '2023-06-28 05:33:13');
INSERT INTO session_table (user_id, connected_at) VALUES (23, '2023-03-01 17:56:41');
INSERT INTO session_table (user_id, connected_at) VALUES (23, '2023-02-13 05:29:28');
INSERT INTO session_table (user_id, connected_at) VALUES (23, '2023-05-04 03:29:55');
INSERT INTO session_table (user_id, connected_at) VALUES (23, '2023-06-17 13:39:00');
INSERT INTO session_table (user_id, connected_at) VALUES (23, '2023-02-13 13:22:22');
INSERT INTO session_table (user_id, connected_at) VALUES (23, '2023-01-19 13:12:23');
INSERT INTO session_table (user_id, connected_at) VALUES (24, '2023-03-06 06:20:05');
INSERT INTO session_table (user_id, connected_at) VALUES (24, '2023-05-01 19:36:00');
INSERT INTO session_table (user_id, connected_at) VALUES (24, '2023-06-30 02:03:57');
INSERT INTO session_table (user_id, connected_at) VALUES (24, '2023-04-11 06:14:52');
INSERT INTO session_table (user_id, connected_at) VALUES (24, '2023-03-28 13:26:19');
INSERT INTO session_table (user_id, connected_at) VALUES (24, '2023-06-10 19:14:20');
INSERT INTO session_table (user_id, connected_at) VALUES (24, '2023-01-05 01:51:46');
INSERT INTO session_table (user_id, connected_at) VALUES (24, '2023-06-21 02:21:44');
INSERT INTO session_table (user_id, connected_at) VALUES (24, '2023-05-31 06:41:34');
INSERT INTO session_table (user_id, connected_at) VALUES (24, '2023-03-25 20:09:26');
INSERT INTO session_table (user_id, connected_at) VALUES (25, '2023-06-12 13:05:30');
INSERT INTO session_table (user_id, connected_at) VALUES (25, '2023-06-02 04:58:39');
INSERT INTO session_table (user_id, connected_at) VALUES (25, '2023-05-10 13:51:07');
INSERT INTO session_table (user_id, connected_at) VALUES (25, '2023-04-25 18:46:51');
INSERT INTO session_table (user_id, connected_at) VALUES (25, '2023-01-12 21:18:17');
INSERT INTO session_table (user_id, connected_at) VALUES (25, '2023-06-09 22:02:04');
INSERT INTO session_table (user_id, connected_at) VALUES (25, '2023-03-30 10:52:11');
INSERT INTO session_table (user_id, connected_at) VALUES (25, '2023-03-07 04:12:13');
INSERT INTO session_table (user_id, connected_at) VALUES (25, '2023-01-11 02:33:56');
INSERT INTO session_table (user_id, connected_at) VALUES (25, '2023-02-04 16:19:20');
INSERT INTO session_table (user_id, connected_at) VALUES (26, '2023-05-08 12:06:56');
INSERT INTO session_table (user_id, connected_at) VALUES (26, '2023-02-10 14:38:36');
INSERT INTO session_table (user_id, connected_at) VALUES (26, '2023-01-20 11:31:47');
INSERT INTO session_table (user_id, connected_at) VALUES (26, '2023-02-22 06:05:27');
INSERT INTO session_table (user_id, connected_at) VALUES (26, '2023-06-07 20:54:40');
INSERT INTO session_table (user_id, connected_at) VALUES (26, '2023-01-22 01:19:07');
INSERT INTO session_table (user_id, connected_at) VALUES (26, '2023-01-11 15:07:54');
INSERT INTO session_table (user_id, connected_at) VALUES (26, '2023-02-04 22:46:19');
INSERT INTO session_table (user_id, connected_at) VALUES (26, '2023-05-29 23:30:37');
INSERT INTO session_table (user_id, connected_at) VALUES (26, '2023-02-16 14:47:06');
INSERT INTO session_table (user_id, connected_at) VALUES (27, '2023-06-19 06:05:44');
INSERT INTO session_table (user_id, connected_at) VALUES (27, '2023-01-14 08:00:18');
INSERT INTO session_table (user_id, connected_at) VALUES (27, '2023-06-15 06:13:05');
INSERT INTO session_table (user_id, connected_at) VALUES (27, '2023-04-30 20:22:56');
INSERT INTO session_table (user_id, connected_at) VALUES (27, '2023-01-12 04:26:05');
INSERT INTO session_table (user_id, connected_at) VALUES (27, '2023-02-09 22:12:12');
INSERT INTO session_table (user_id, connected_at) VALUES (27, '2023-04-02 19:20:36');
INSERT INTO session_table (user_id, connected_at) VALUES (27, '2023-01-29 02:57:07');
INSERT INTO session_table (user_id, connected_at) VALUES (27, '2023-06-15 05:30:17');
INSERT INTO session_table (user_id, connected_at) VALUES (27, '2023-01-05 08:14:42');
INSERT INTO session_table (user_id, connected_at) VALUES (28, '2023-04-07 06:24:02');
INSERT INTO session_table (user_id, connected_at) VALUES (28, '2023-06-20 03:16:18');
INSERT INTO session_table (user_id, connected_at) VALUES (28, '2023-06-25 18:42:00');
INSERT INTO session_table (user_id, connected_at) VALUES (28, '2023-01-03 05:24:18');
INSERT INTO session_table (user_id, connected_at) VALUES (28, '2023-06-09 18:28:44');
INSERT INTO session_table (user_id, connected_at) VALUES (28, '2023-03-16 15:27:55');
INSERT INTO session_table (user_id, connected_at) VALUES (28, '2023-01-25 22:53:40');
INSERT INTO session_table (user_id, connected_at) VALUES (28, '2023-04-17 02:50:51');
INSERT INTO session_table (user_id, connected_at) VALUES (28, '2023-01-30 22:03:04');
INSERT INTO session_table (user_id, connected_at) VALUES (28, '2023-06-23 07:52:49');
INSERT INTO session_table (user_id, connected_at) VALUES (29, '2023-02-20 17:50:27');
INSERT INTO session_table (user_id, connected_at) VALUES (29, '2023-05-17 12:17:40');
INSERT INTO session_table (user_id, connected_at) VALUES (29, '2023-06-04 11:42:37');
INSERT INTO session_table (user_id, connected_at) VALUES (29, '2023-05-17 04:41:21');
INSERT INTO session_table (user_id, connected_at) VALUES (29, '2023-02-14 23:21:43');
INSERT INTO session_table (user_id, connected_at) VALUES (29, '2023-06-18 03:36:17');
INSERT INTO session_table (user_id, connected_at) VALUES (29, '2023-02-03 16:36:08');
INSERT INTO session_table (user_id, connected_at) VALUES (29, '2023-06-27 03:00:58');
INSERT INTO session_table (user_id, connected_at) VALUES (29, '2023-01-19 06:33:56');
INSERT INTO session_table (user_id, connected_at) VALUES (29, '2023-03-10 12:00:29');
INSERT INTO session_table (user_id, connected_at) VALUES (30, '2023-06-24 09:06:32');
INSERT INTO session_table (user_id, connected_at) VALUES (30, '2023-01-11 15:42:07');
INSERT INTO session_table (user_id, connected_at) VALUES (30, '2023-03-04 05:39:31');
INSERT INTO session_table (user_id, connected_at) VALUES (30, '2023-03-19 18:49:41');
INSERT INTO session_table (user_id, connected_at) VALUES (30, '2023-02-27 23:01:47');
INSERT INTO session_table (user_id, connected_at) VALUES (30, '2023-04-21 14:54:57');
INSERT INTO session_table (user_id, connected_at) VALUES (30, '2023-03-08 18:30:06');
INSERT INTO session_table (user_id, connected_at) VALUES (30, '2023-05-14 11:43:35');
INSERT INTO session_table (user_id, connected_at) VALUES (30, '2023-05-27 18:27:35');
INSERT INTO session_table (user_id, connected_at) VALUES (30, '2023-04-07 13:23:18');
INSERT INTO session_table (user_id, connected_at) VALUES (31, '2023-04-07 02:32:34');
INSERT INTO session_table (user_id, connected_at) VALUES (31, '2023-06-19 03:53:17');
INSERT INTO session_table (user_id, connected_at) VALUES (31, '2023-04-24 12:48:50');
INSERT INTO session_table (user_id, connected_at) VALUES (31, '2023-05-02 02:02:56');
INSERT INTO session_table (user_id, connected_at) VALUES (31, '2023-03-18 00:20:04');
INSERT INTO session_table (user_id, connected_at) VALUES (31, '2023-06-26 14:39:59');
INSERT INTO session_table (user_id, connected_at) VALUES (31, '2023-06-06 09:50:27');
INSERT INTO session_table (user_id, connected_at) VALUES (31, '2023-01-17 00:10:13');
INSERT INTO session_table (user_id, connected_at) VALUES (31, '2023-05-08 00:47:03');
INSERT INTO session_table (user_id, connected_at) VALUES (31, '2023-01-19 13:39:30');
INSERT INTO session_table (user_id, connected_at) VALUES (32, '2023-03-11 09:02:55');
INSERT INTO session_table (user_id, connected_at) VALUES (32, '2023-06-07 11:13:05');
INSERT INTO session_table (user_id, connected_at) VALUES (32, '2023-06-28 04:55:33');
INSERT INTO session_table (user_id, connected_at) VALUES (32, '2023-02-13 02:22:26');
INSERT INTO session_table (user_id, connected_at) VALUES (32, '2023-01-27 21:16:32');
INSERT INTO session_table (user_id, connected_at) VALUES (32, '2023-04-07 07:24:26');
INSERT INTO session_table (user_id, connected_at) VALUES (32, '2023-01-03 08:40:10');
INSERT INTO session_table (user_id, connected_at) VALUES (32, '2023-06-03 22:32:03');
INSERT INTO session_table (user_id, connected_at) VALUES (32, '2023-03-10 10:02:15');
INSERT INTO session_table (user_id, connected_at) VALUES (32, '2023-04-27 09:32:48');
INSERT INTO session_table (user_id, connected_at) VALUES (33, '2023-04-15 03:47:29');
INSERT INTO session_table (user_id, connected_at) VALUES (33, '2023-06-05 01:00:04');
INSERT INTO session_table (user_id, connected_at) VALUES (33, '2023-01-20 09:25:51');
INSERT INTO session_table (user_id, connected_at) VALUES (33, '2023-03-22 09:29:25');
INSERT INTO session_table (user_id, connected_at) VALUES (33, '2023-01-08 07:43:11');
INSERT INTO session_table (user_id, connected_at) VALUES (33, '2023-06-25 07:11:15');
INSERT INTO session_table (user_id, connected_at) VALUES (33, '2023-06-25 03:39:05');
INSERT INTO session_table (user_id, connected_at) VALUES (33, '2023-03-08 18:40:55');
INSERT INTO session_table (user_id, connected_at) VALUES (33, '2023-06-05 08:28:33');
INSERT INTO session_table (user_id, connected_at) VALUES (33, '2023-05-18 19:43:17');
INSERT INTO session_table (user_id, connected_at) VALUES (34, '2023-06-15 02:16:03');
INSERT INTO session_table (user_id, connected_at) VALUES (34, '2023-01-31 11:09:40');
INSERT INTO session_table (user_id, connected_at) VALUES (34, '2023-03-09 08:11:06');
INSERT INTO session_table (user_id, connected_at) VALUES (34, '2023-02-02 11:23:29');
INSERT INTO session_table (user_id, connected_at) VALUES (34, '2023-03-12 15:24:19');
INSERT INTO session_table (user_id, connected_at) VALUES (34, '2023-04-23 15:37:54');
INSERT INTO session_table (user_id, connected_at) VALUES (34, '2023-01-15 08:53:20');
INSERT INTO session_table (user_id, connected_at) VALUES (34, '2023-06-06 18:21:28');
INSERT INTO session_table (user_id, connected_at) VALUES (34, '2023-03-24 19:29:54');
INSERT INTO session_table (user_id, connected_at) VALUES (34, '2023-01-13 20:04:52');
INSERT INTO session_table (user_id, connected_at) VALUES (35, '2023-06-15 15:48:18');
INSERT INTO session_table (user_id, connected_at) VALUES (35, '2023-05-15 02:47:05');
INSERT INTO session_table (user_id, connected_at) VALUES (35, '2023-06-22 18:57:57');
INSERT INTO session_table (user_id, connected_at) VALUES (35, '2023-05-29 21:56:30');
INSERT INTO session_table (user_id, connected_at) VALUES (35, '2023-05-16 15:37:31');
INSERT INTO session_table (user_id, connected_at) VALUES (35, '2023-03-20 07:18:42');
INSERT INTO session_table (user_id, connected_at) VALUES (35, '2023-01-19 12:08:18');
INSERT INTO session_table (user_id, connected_at) VALUES (35, '2023-03-26 02:45:09');
INSERT INTO session_table (user_id, connected_at) VALUES (35, '2023-02-19 11:15:54');
INSERT INTO session_table (user_id, connected_at) VALUES (35, '2023-02-24 20:56:49');
INSERT INTO session_table (user_id, connected_at) VALUES (36, '2023-05-14 01:04:56');
INSERT INTO session_table (user_id, connected_at) VALUES (36, '2023-03-08 02:28:34');
INSERT INTO session_table (user_id, connected_at) VALUES (36, '2023-03-11 07:35:07');
INSERT INTO session_table (user_id, connected_at) VALUES (36, '2023-02-11 05:15:17');
INSERT INTO session_table (user_id, connected_at) VALUES (36, '2023-01-05 19:40:54');
INSERT INTO session_table (user_id, connected_at) VALUES (36, '2023-06-01 18:04:14');
INSERT INTO session_table (user_id, connected_at) VALUES (36, '2023-03-31 16:01:46');
INSERT INTO session_table (user_id, connected_at) VALUES (36, '2023-03-01 13:55:49');
INSERT INTO session_table (user_id, connected_at) VALUES (36, '2023-04-22 23:21:40');
INSERT INTO session_table (user_id, connected_at) VALUES (36, '2023-02-05 01:19:08');
INSERT INTO session_table (user_id, connected_at) VALUES (37, '2023-05-16 14:43:56');
INSERT INTO session_table (user_id, connected_at) VALUES (37, '2023-04-24 18:52:01');
INSERT INTO session_table (user_id, connected_at) VALUES (37, '2023-02-27 23:14:01');
INSERT INTO session_table (user_id, connected_at) VALUES (37, '2023-02-07 23:34:19');
INSERT INTO session_table (user_id, connected_at) VALUES (37, '2023-01-03 22:28:38');
INSERT INTO session_table (user_id, connected_at) VALUES (37, '2023-04-09 11:51:36');
INSERT INTO session_table (user_id, connected_at) VALUES (37, '2023-01-09 01:25:03');
INSERT INTO session_table (user_id, connected_at) VALUES (37, '2023-03-31 00:21:38');
INSERT INTO session_table (user_id, connected_at) VALUES (37, '2023-03-20 11:04:31');
INSERT INTO session_table (user_id, connected_at) VALUES (37, '2023-04-29 01:19:55');
INSERT INTO session_table (user_id, connected_at) VALUES (38, '2023-04-02 06:52:06');
INSERT INTO session_table (user_id, connected_at) VALUES (38, '2023-06-07 10:13:16');
INSERT INTO session_table (user_id, connected_at) VALUES (38, '2023-03-16 08:25:26');
INSERT INTO session_table (user_id, connected_at) VALUES (38, '2023-04-21 19:52:12');
INSERT INTO session_table (user_id, connected_at) VALUES (38, '2023-02-12 20:20:56');
INSERT INTO session_table (user_id, connected_at) VALUES (38, '2023-05-08 14:11:50');
INSERT INTO session_table (user_id, connected_at) VALUES (38, '2023-04-24 21:32:43');
INSERT INTO session_table (user_id, connected_at) VALUES (38, '2023-06-11 03:31:01');
INSERT INTO session_table (user_id, connected_at) VALUES (38, '2023-06-04 17:35:33');
INSERT INTO session_table (user_id, connected_at) VALUES (38, '2023-03-23 14:04:45');
INSERT INTO session_table (user_id, connected_at) VALUES (39, '2023-03-09 08:00:32');
INSERT INTO session_table (user_id, connected_at) VALUES (39, '2023-03-27 10:51:17');
INSERT INTO session_table (user_id, connected_at) VALUES (39, '2023-03-12 13:26:24');
INSERT INTO session_table (user_id, connected_at) VALUES (39, '2023-03-29 16:32:25');
INSERT INTO session_table (user_id, connected_at) VALUES (39, '2023-03-15 23:13:03');
INSERT INTO session_table (user_id, connected_at) VALUES (39, '2023-04-14 19:44:30');
INSERT INTO session_table (user_id, connected_at) VALUES (39, '2023-04-26 11:20:13');
INSERT INTO session_table (user_id, connected_at) VALUES (39, '2023-01-10 08:28:02');
INSERT INTO session_table (user_id, connected_at) VALUES (39, '2023-06-04 07:41:10');
INSERT INTO session_table (user_id, connected_at) VALUES (39, '2023-06-13 21:30:42');
INSERT INTO session_table (user_id, connected_at) VALUES (40, '2023-06-01 00:35:53');
INSERT INTO session_table (user_id, connected_at) VALUES (40, '2023-06-18 19:17:55');
INSERT INTO session_table (user_id, connected_at) VALUES (40, '2023-03-08 14:16:38');
INSERT INTO session_table (user_id, connected_at) VALUES (40, '2023-01-02 00:48:08');
INSERT INTO session_table (user_id, connected_at) VALUES (40, '2023-03-28 15:02:44');
INSERT INTO session_table (user_id, connected_at) VALUES (40, '2023-02-01 18:06:57');
INSERT INTO session_table (user_id, connected_at) VALUES (40, '2023-06-15 12:11:00');
INSERT INTO session_table (user_id, connected_at) VALUES (40, '2023-04-26 22:20:40');
INSERT INTO session_table (user_id, connected_at) VALUES (40, '2023-03-15 21:31:40');
INSERT INTO session_table (user_id, connected_at) VALUES (40, '2023-05-24 12:59:28');
INSERT INTO session_table (user_id, connected_at) VALUES (41, '2023-03-26 15:06:54');
INSERT INTO session_table (user_id, connected_at) VALUES (41, '2023-05-11 06:47:57');
INSERT INTO session_table (user_id, connected_at) VALUES (41, '2023-02-19 01:54:51');
INSERT INTO session_table (user_id, connected_at) VALUES (41, '2023-04-25 21:49:58');
INSERT INTO session_table (user_id, connected_at) VALUES (41, '2023-04-03 12:41:31');
INSERT INTO session_table (user_id, connected_at) VALUES (41, '2023-02-03 01:38:56');
INSERT INTO session_table (user_id, connected_at) VALUES (41, '2023-01-14 11:07:58');
INSERT INTO session_table (user_id, connected_at) VALUES (41, '2023-06-20 05:49:39');
INSERT INTO session_table (user_id, connected_at) VALUES (41, '2023-02-11 11:23:43');
INSERT INTO session_table (user_id, connected_at) VALUES (41, '2023-03-03 20:36:41');
INSERT INTO session_table (user_id, connected_at) VALUES (42, '2023-03-11 20:52:24');
INSERT INTO session_table (user_id, connected_at) VALUES (42, '2023-04-01 18:46:10');
INSERT INTO session_table (user_id, connected_at) VALUES (42, '2023-04-25 18:33:19');
INSERT INTO session_table (user_id, connected_at) VALUES (42, '2023-03-31 14:56:07');
INSERT INTO session_table (user_id, connected_at) VALUES (42, '2023-02-27 05:22:23');
INSERT INTO session_table (user_id, connected_at) VALUES (42, '2023-01-27 01:03:06');
INSERT INTO session_table (user_id, connected_at) VALUES (42, '2023-03-30 12:20:20');
INSERT INTO session_table (user_id, connected_at) VALUES (42, '2023-02-12 11:55:56');
INSERT INTO session_table (user_id, connected_at) VALUES (42, '2023-04-07 20:52:48');
INSERT INTO session_table (user_id, connected_at) VALUES (42, '2023-05-25 12:25:00');
INSERT INTO session_table (user_id, connected_at) VALUES (43, '2023-04-12 19:00:37');
INSERT INTO session_table (user_id, connected_at) VALUES (43, '2023-04-23 11:42:55');
INSERT INTO session_table (user_id, connected_at) VALUES (43, '2023-04-29 10:56:25');
INSERT INTO session_table (user_id, connected_at) VALUES (43, '2023-04-24 00:57:23');
INSERT INTO session_table (user_id, connected_at) VALUES (43, '2023-03-27 05:31:00');
INSERT INTO session_table (user_id, connected_at) VALUES (43, '2023-04-28 17:59:07');
INSERT INTO session_table (user_id, connected_at) VALUES (43, '2023-05-18 00:04:08');
INSERT INTO session_table (user_id, connected_at) VALUES (43, '2023-05-26 23:01:40');
INSERT INTO session_table (user_id, connected_at) VALUES (43, '2023-05-11 21:41:40');
INSERT INTO session_table (user_id, connected_at) VALUES (43, '2023-01-17 09:23:27');
INSERT INTO session_table (user_id, connected_at) VALUES (44, '2023-03-11 22:51:38');
INSERT INTO session_table (user_id, connected_at) VALUES (44, '2023-01-31 22:29:55');
INSERT INTO session_table (user_id, connected_at) VALUES (44, '2023-06-26 03:16:25');
INSERT INTO session_table (user_id, connected_at) VALUES (44, '2023-02-16 22:53:50');
INSERT INTO session_table (user_id, connected_at) VALUES (44, '2023-02-13 00:07:04');
INSERT INTO session_table (user_id, connected_at) VALUES (44, '2023-01-27 12:41:24');
INSERT INTO session_table (user_id, connected_at) VALUES (44, '2023-05-26 22:05:38');
INSERT INTO session_table (user_id, connected_at) VALUES (44, '2023-01-23 02:39:10');
INSERT INTO session_table (user_id, connected_at) VALUES (44, '2023-04-07 22:59:02');
INSERT INTO session_table (user_id, connected_at) VALUES (44, '2023-06-20 07:45:43');
INSERT INTO session_table (user_id, connected_at) VALUES (45, '2023-04-15 12:26:40');
INSERT INTO session_table (user_id, connected_at) VALUES (45, '2023-03-03 16:51:12');
INSERT INTO session_table (user_id, connected_at) VALUES (45, '2023-02-13 09:50:24');
INSERT INTO session_table (user_id, connected_at) VALUES (45, '2023-04-10 23:16:11');
INSERT INTO session_table (user_id, connected_at) VALUES (45, '2023-03-22 08:39:27');
INSERT INTO session_table (user_id, connected_at) VALUES (45, '2023-06-19 16:40:36');
INSERT INTO session_table (user_id, connected_at) VALUES (45, '2023-05-11 18:53:23');
INSERT INTO session_table (user_id, connected_at) VALUES (45, '2023-05-29 19:03:24');
INSERT INTO session_table (user_id, connected_at) VALUES (45, '2023-05-14 19:15:53');
INSERT INTO session_table (user_id, connected_at) VALUES (45, '2023-06-01 02:22:42');
INSERT INTO session_table (user_id, connected_at) VALUES (46, '2023-03-15 08:12:12');
INSERT INTO session_table (user_id, connected_at) VALUES (46, '2023-05-05 03:40:30');
INSERT INTO session_table (user_id, connected_at) VALUES (46, '2023-06-07 07:47:14');
INSERT INTO session_table (user_id, connected_at) VALUES (46, '2023-02-24 03:29:36');
INSERT INTO session_table (user_id, connected_at) VALUES (46, '2023-02-08 21:02:44');
INSERT INTO session_table (user_id, connected_at) VALUES (46, '2023-01-14 02:37:00');
INSERT INTO session_table (user_id, connected_at) VALUES (46, '2023-01-25 14:17:24');
INSERT INTO session_table (user_id, connected_at) VALUES (46, '2023-02-04 14:35:28');
INSERT INTO session_table (user_id, connected_at) VALUES (46, '2023-01-12 11:17:15');
INSERT INTO session_table (user_id, connected_at) VALUES (46, '2023-02-04 07:39:12');
INSERT INTO session_table (user_id, connected_at) VALUES (47, '2023-04-23 08:08:05');
INSERT INTO session_table (user_id, connected_at) VALUES (47, '2023-02-17 16:56:49');
INSERT INTO session_table (user_id, connected_at) VALUES (47, '2023-02-24 20:46:39');
INSERT INTO session_table (user_id, connected_at) VALUES (47, '2023-03-06 04:24:02');
INSERT INTO session_table (user_id, connected_at) VALUES (47, '2023-04-01 07:52:03');
INSERT INTO session_table (user_id, connected_at) VALUES (47, '2023-04-16 02:26:46');
INSERT INTO session_table (user_id, connected_at) VALUES (47, '2023-01-16 11:06:35');
INSERT INTO session_table (user_id, connected_at) VALUES (47, '2023-02-11 13:14:48');
INSERT INTO session_table (user_id, connected_at) VALUES (47, '2023-02-23 15:41:27');
INSERT INTO session_table (user_id, connected_at) VALUES (47, '2023-06-05 18:48:24');
INSERT INTO session_table (user_id, connected_at) VALUES (48, '2023-05-15 15:22:06');
INSERT INTO session_table (user_id, connected_at) VALUES (48, '2023-02-02 14:08:45');
INSERT INTO session_table (user_id, connected_at) VALUES (48, '2023-06-13 19:36:24');
INSERT INTO session_table (user_id, connected_at) VALUES (48, '2023-04-27 11:56:43');
INSERT INTO session_table (user_id, connected_at) VALUES (48, '2023-03-13 00:03:27');
INSERT INTO session_table (user_id, connected_at) VALUES (48, '2023-06-27 20:15:16');
INSERT INTO session_table (user_id, connected_at) VALUES (48, '2023-05-31 23:36:55');
INSERT INTO session_table (user_id, connected_at) VALUES (48, '2023-03-11 00:26:36');
INSERT INTO session_table (user_id, connected_at) VALUES (48, '2023-06-12 02:44:27');
INSERT INTO session_table (user_id, connected_at) VALUES (48, '2023-02-10 05:14:35');
INSERT INTO session_table (user_id, connected_at) VALUES (49, '2023-05-17 21:00:25');
INSERT INTO session_table (user_id, connected_at) VALUES (49, '2023-05-08 11:42:12');
INSERT INTO session_table (user_id, connected_at) VALUES (49, '2023-02-13 10:03:57');
INSERT INTO session_table (user_id, connected_at) VALUES (49, '2023-05-08 09:31:19');
INSERT INTO session_table (user_id, connected_at) VALUES (49, '2023-01-30 21:07:48');
INSERT INTO session_table (user_id, connected_at) VALUES (49, '2023-06-15 10:29:19');
INSERT INTO session_table (user_id, connected_at) VALUES (49, '2023-05-01 21:38:34');
INSERT INTO session_table (user_id, connected_at) VALUES (49, '2023-05-29 17:05:22');
INSERT INTO session_table (user_id, connected_at) VALUES (49, '2023-05-28 10:05:17');
INSERT INTO session_table (user_id, connected_at) VALUES (49, '2023-06-09 10:23:39');
INSERT INTO session_table (user_id, connected_at) VALUES (50, '2023-05-24 04:07:47');
INSERT INTO session_table (user_id, connected_at) VALUES (50, '2023-01-20 00:28:29');
INSERT INTO session_table (user_id, connected_at) VALUES (50, '2023-05-02 17:12:02');
INSERT INTO session_table (user_id, connected_at) VALUES (50, '2023-06-13 06:45:24');
INSERT INTO session_table (user_id, connected_at) VALUES (50, '2023-06-09 15:52:37');
INSERT INTO session_table (user_id, connected_at) VALUES (50, '2023-01-15 09:18:26');
INSERT INTO session_table (user_id, connected_at) VALUES (50, '2023-01-18 11:07:11');
INSERT INTO session_table (user_id, connected_at) VALUES (50, '2023-01-02 13:47:31');
INSERT INTO session_table (user_id, connected_at) VALUES (50, '2023-02-08 16:58:00');
INSERT INTO session_table (user_id, connected_at) VALUES (50, '2023-05-18 02:29:21');
INSERT INTO session_table (user_id, connected_at) VALUES (51, '2023-04-18 14:51:06');
INSERT INTO session_table (user_id, connected_at) VALUES (51, '2023-04-21 10:54:51');
INSERT INTO session_table (user_id, connected_at) VALUES (51, '2023-01-09 13:55:24');
INSERT INTO session_table (user_id, connected_at) VALUES (51, '2023-02-24 22:10:09');
INSERT INTO session_table (user_id, connected_at) VALUES (51, '2023-03-01 14:30:48');
INSERT INTO session_table (user_id, connected_at) VALUES (51, '2023-03-06 09:02:37');
INSERT INTO session_table (user_id, connected_at) VALUES (51, '2023-03-30 16:42:10');
INSERT INTO session_table (user_id, connected_at) VALUES (51, '2023-01-30 22:55:31');
INSERT INTO session_table (user_id, connected_at) VALUES (51, '2023-01-16 14:36:26');
INSERT INTO session_table (user_id, connected_at) VALUES (51, '2023-05-13 00:25:33');
INSERT INTO session_table (user_id, connected_at) VALUES (52, '2023-04-08 05:40:55');
INSERT INTO session_table (user_id, connected_at) VALUES (52, '2023-01-11 09:08:29');
INSERT INTO session_table (user_id, connected_at) VALUES (52, '2023-06-08 21:21:16');
INSERT INTO session_table (user_id, connected_at) VALUES (52, '2023-04-13 05:21:35');
INSERT INTO session_table (user_id, connected_at) VALUES (52, '2023-03-14 02:03:12');
INSERT INTO session_table (user_id, connected_at) VALUES (52, '2023-03-30 03:23:14');
INSERT INTO session_table (user_id, connected_at) VALUES (52, '2023-05-12 11:25:35');
INSERT INTO session_table (user_id, connected_at) VALUES (52, '2023-06-10 17:38:36');
INSERT INTO session_table (user_id, connected_at) VALUES (52, '2023-02-22 16:24:58');
INSERT INTO session_table (user_id, connected_at) VALUES (52, '2023-06-26 07:16:42');
INSERT INTO session_table (user_id, connected_at) VALUES (53, '2023-03-28 06:38:00');
INSERT INTO session_table (user_id, connected_at) VALUES (53, '2023-02-04 22:41:06');
INSERT INTO session_table (user_id, connected_at) VALUES (53, '2023-04-17 01:07:21');
INSERT INTO session_table (user_id, connected_at) VALUES (53, '2023-04-13 00:43:38');
INSERT INTO session_table (user_id, connected_at) VALUES (53, '2023-02-10 08:20:10');
INSERT INTO session_table (user_id, connected_at) VALUES (53, '2023-01-07 21:57:24');
INSERT INTO session_table (user_id, connected_at) VALUES (53, '2023-02-24 03:40:32');
INSERT INTO session_table (user_id, connected_at) VALUES (53, '2023-02-16 15:19:46');
INSERT INTO session_table (user_id, connected_at) VALUES (53, '2023-02-27 04:45:15');
INSERT INTO session_table (user_id, connected_at) VALUES (53, '2023-04-22 02:14:15');
INSERT INTO session_table (user_id, connected_at) VALUES (54, '2023-06-24 06:53:16');
INSERT INTO session_table (user_id, connected_at) VALUES (54, '2023-05-12 06:00:01');
INSERT INTO session_table (user_id, connected_at) VALUES (54, '2023-03-26 13:10:44');
INSERT INTO session_table (user_id, connected_at) VALUES (54, '2023-06-15 18:48:19');
INSERT INTO session_table (user_id, connected_at) VALUES (54, '2023-02-16 01:43:44');
INSERT INTO session_table (user_id, connected_at) VALUES (54, '2023-02-21 12:29:34');
INSERT INTO session_table (user_id, connected_at) VALUES (54, '2023-01-29 19:30:04');
INSERT INTO session_table (user_id, connected_at) VALUES (54, '2023-02-11 08:11:29');
INSERT INTO session_table (user_id, connected_at) VALUES (54, '2023-01-26 07:34:57');
INSERT INTO session_table (user_id, connected_at) VALUES (54, '2023-03-27 13:17:16');
INSERT INTO session_table (user_id, connected_at) VALUES (55, '2023-06-12 06:43:24');
INSERT INTO session_table (user_id, connected_at) VALUES (55, '2023-02-14 03:22:46');
INSERT INTO session_table (user_id, connected_at) VALUES (55, '2023-02-25 03:01:01');
INSERT INTO session_table (user_id, connected_at) VALUES (55, '2023-01-24 00:15:50');
INSERT INTO session_table (user_id, connected_at) VALUES (55, '2023-03-17 18:23:38');
INSERT INTO session_table (user_id, connected_at) VALUES (55, '2023-03-10 18:18:08');
INSERT INTO session_table (user_id, connected_at) VALUES (55, '2023-06-13 11:11:39');
INSERT INTO session_table (user_id, connected_at) VALUES (55, '2023-06-28 04:38:10');
INSERT INTO session_table (user_id, connected_at) VALUES (55, '2023-04-19 02:16:09');
INSERT INTO session_table (user_id, connected_at) VALUES (55, '2023-02-21 08:16:01');
INSERT INTO session_table (user_id, connected_at) VALUES (56, '2023-03-10 16:09:26');
INSERT INTO session_table (user_id, connected_at) VALUES (56, '2023-02-11 23:17:20');
INSERT INTO session_table (user_id, connected_at) VALUES (56, '2023-03-04 06:16:48');
INSERT INTO session_table (user_id, connected_at) VALUES (56, '2023-01-21 20:30:00');
INSERT INTO session_table (user_id, connected_at) VALUES (56, '2023-01-08 10:54:41');
INSERT INTO session_table (user_id, connected_at) VALUES (56, '2023-04-15 06:50:11');
INSERT INTO session_table (user_id, connected_at) VALUES (56, '2023-05-31 16:55:55');
INSERT INTO session_table (user_id, connected_at) VALUES (56, '2023-05-27 09:49:45');
INSERT INTO session_table (user_id, connected_at) VALUES (56, '2023-02-27 13:20:18');
INSERT INTO session_table (user_id, connected_at) VALUES (56, '2023-02-27 01:56:03');
INSERT INTO session_table (user_id, connected_at) VALUES (57, '2023-02-17 00:47:05');
INSERT INTO session_table (user_id, connected_at) VALUES (57, '2023-01-24 01:00:08');
INSERT INTO session_table (user_id, connected_at) VALUES (57, '2023-01-14 04:36:39');
INSERT INTO session_table (user_id, connected_at) VALUES (57, '2023-02-05 18:56:35');
INSERT INTO session_table (user_id, connected_at) VALUES (57, '2023-06-05 21:45:46');
INSERT INTO session_table (user_id, connected_at) VALUES (57, '2023-02-13 23:18:47');
INSERT INTO session_table (user_id, connected_at) VALUES (57, '2023-06-05 07:16:38');
INSERT INTO session_table (user_id, connected_at) VALUES (57, '2023-01-13 08:04:31');
INSERT INTO session_table (user_id, connected_at) VALUES (57, '2023-06-25 20:56:24');
INSERT INTO session_table (user_id, connected_at) VALUES (57, '2023-05-14 12:18:47');
INSERT INTO session_table (user_id, connected_at) VALUES (58, '2023-02-13 15:03:40');
INSERT INTO session_table (user_id, connected_at) VALUES (58, '2023-06-07 07:22:38');
INSERT INTO session_table (user_id, connected_at) VALUES (58, '2023-03-16 03:14:55');
INSERT INTO session_table (user_id, connected_at) VALUES (58, '2023-02-12 14:52:53');
INSERT INTO session_table (user_id, connected_at) VALUES (58, '2023-03-15 04:31:31');
INSERT INTO session_table (user_id, connected_at) VALUES (58, '2023-03-12 07:45:26');
INSERT INTO session_table (user_id, connected_at) VALUES (58, '2023-01-20 06:28:32');
INSERT INTO session_table (user_id, connected_at) VALUES (58, '2023-05-14 01:46:06');
INSERT INTO session_table (user_id, connected_at) VALUES (58, '2023-01-16 21:13:00');
INSERT INTO session_table (user_id, connected_at) VALUES (58, '2023-02-22 16:43:45');
INSERT INTO session_table (user_id, connected_at) VALUES (59, '2023-05-01 15:27:27');
INSERT INTO session_table (user_id, connected_at) VALUES (59, '2023-05-05 02:09:13');
INSERT INTO session_table (user_id, connected_at) VALUES (59, '2023-05-23 09:24:09');
INSERT INTO session_table (user_id, connected_at) VALUES (59, '2023-03-04 23:52:40');
INSERT INTO session_table (user_id, connected_at) VALUES (59, '2023-01-28 20:36:39');
INSERT INTO session_table (user_id, connected_at) VALUES (59, '2023-06-30 16:53:20');
INSERT INTO session_table (user_id, connected_at) VALUES (59, '2023-01-29 16:13:21');
INSERT INTO session_table (user_id, connected_at) VALUES (59, '2023-02-01 16:21:32');
INSERT INTO session_table (user_id, connected_at) VALUES (59, '2023-02-21 15:40:42');
INSERT INTO session_table (user_id, connected_at) VALUES (59, '2023-05-10 02:08:39');
INSERT INTO session_table (user_id, connected_at) VALUES (60, '2023-06-17 06:58:31');
INSERT INTO session_table (user_id, connected_at) VALUES (60, '2023-01-09 01:44:53');
INSERT INTO session_table (user_id, connected_at) VALUES (60, '2023-01-04 16:03:20');
INSERT INTO session_table (user_id, connected_at) VALUES (60, '2023-04-14 03:20:33');
INSERT INTO session_table (user_id, connected_at) VALUES (60, '2023-05-02 07:24:43');
INSERT INTO session_table (user_id, connected_at) VALUES (60, '2023-06-27 05:23:10');
INSERT INTO session_table (user_id, connected_at) VALUES (60, '2023-06-09 13:47:14');
INSERT INTO session_table (user_id, connected_at) VALUES (60, '2023-03-22 11:37:09');
INSERT INTO session_table (user_id, connected_at) VALUES (60, '2023-05-09 08:50:47');
INSERT INTO session_table (user_id, connected_at) VALUES (60, '2023-03-11 19:13:37');
INSERT INTO session_table (user_id, connected_at) VALUES (61, '2023-06-26 20:48:46');
INSERT INTO session_table (user_id, connected_at) VALUES (61, '2023-02-19 15:43:15');
INSERT INTO session_table (user_id, connected_at) VALUES (61, '2023-06-02 13:41:59');
INSERT INTO session_table (user_id, connected_at) VALUES (61, '2023-04-02 13:28:30');
INSERT INTO session_table (user_id, connected_at) VALUES (61, '2023-05-26 22:44:42');
INSERT INTO session_table (user_id, connected_at) VALUES (61, '2023-06-05 02:39:51');
INSERT INTO session_table (user_id, connected_at) VALUES (61, '2023-01-10 18:22:34');
INSERT INTO session_table (user_id, connected_at) VALUES (61, '2023-01-06 20:14:53');
INSERT INTO session_table (user_id, connected_at) VALUES (61, '2023-06-03 01:35:38');
INSERT INTO session_table (user_id, connected_at) VALUES (61, '2023-06-14 00:47:20');
INSERT INTO session_table (user_id, connected_at) VALUES (62, '2023-04-18 23:42:22');
INSERT INTO session_table (user_id, connected_at) VALUES (62, '2023-05-15 16:26:45');
INSERT INTO session_table (user_id, connected_at) VALUES (62, '2023-04-03 23:43:04');
INSERT INTO session_table (user_id, connected_at) VALUES (62, '2023-01-25 16:47:39');
INSERT INTO session_table (user_id, connected_at) VALUES (62, '2023-01-13 15:32:47');
INSERT INTO session_table (user_id, connected_at) VALUES (62, '2023-02-21 15:38:46');
INSERT INTO session_table (user_id, connected_at) VALUES (62, '2023-06-01 19:36:13');
INSERT INTO session_table (user_id, connected_at) VALUES (62, '2023-02-26 23:36:01');
INSERT INTO session_table (user_id, connected_at) VALUES (62, '2023-03-24 16:35:20');
INSERT INTO session_table (user_id, connected_at) VALUES (62, '2023-03-23 10:20:02');
INSERT INTO session_table (user_id, connected_at) VALUES (63, '2023-06-24 04:59:39');
INSERT INTO session_table (user_id, connected_at) VALUES (63, '2023-04-10 13:46:42');
INSERT INTO session_table (user_id, connected_at) VALUES (63, '2023-03-27 13:33:04');
INSERT INTO session_table (user_id, connected_at) VALUES (63, '2023-06-25 20:52:04');
INSERT INTO session_table (user_id, connected_at) VALUES (63, '2023-05-05 05:31:03');
INSERT INTO session_table (user_id, connected_at) VALUES (63, '2023-01-03 12:41:05');
INSERT INTO session_table (user_id, connected_at) VALUES (63, '2023-01-30 01:56:38');
INSERT INTO session_table (user_id, connected_at) VALUES (63, '2023-01-03 17:54:56');
INSERT INTO session_table (user_id, connected_at) VALUES (63, '2023-02-20 20:08:45');
INSERT INTO session_table (user_id, connected_at) VALUES (63, '2023-06-02 17:14:21');
INSERT INTO session_table (user_id, connected_at) VALUES (64, '2023-06-21 04:15:30');
INSERT INTO session_table (user_id, connected_at) VALUES (64, '2023-03-16 19:58:38');
INSERT INTO session_table (user_id, connected_at) VALUES (64, '2023-06-15 16:01:30');
INSERT INTO session_table (user_id, connected_at) VALUES (64, '2023-04-02 03:05:12');
INSERT INTO session_table (user_id, connected_at) VALUES (64, '2023-02-01 19:47:56');
INSERT INTO session_table (user_id, connected_at) VALUES (64, '2023-06-09 15:37:37');
INSERT INTO session_table (user_id, connected_at) VALUES (64, '2023-02-18 14:52:03');
INSERT INTO session_table (user_id, connected_at) VALUES (64, '2023-04-19 10:33:35');
INSERT INTO session_table (user_id, connected_at) VALUES (64, '2023-06-28 07:44:20');
INSERT INTO session_table (user_id, connected_at) VALUES (64, '2023-04-15 19:54:37');
INSERT INTO session_table (user_id, connected_at) VALUES (65, '2023-04-24 22:09:11');
INSERT INTO session_table (user_id, connected_at) VALUES (65, '2023-03-22 18:45:03');
INSERT INTO session_table (user_id, connected_at) VALUES (65, '2023-04-11 05:50:34');
INSERT INTO session_table (user_id, connected_at) VALUES (65, '2023-01-05 13:31:09');
INSERT INTO session_table (user_id, connected_at) VALUES (65, '2023-05-05 07:32:22');
INSERT INTO session_table (user_id, connected_at) VALUES (65, '2023-01-25 12:25:53');
INSERT INTO session_table (user_id, connected_at) VALUES (65, '2023-01-30 06:01:21');
INSERT INTO session_table (user_id, connected_at) VALUES (65, '2023-05-04 19:16:34');
INSERT INTO session_table (user_id, connected_at) VALUES (65, '2023-03-18 14:53:51');
INSERT INTO session_table (user_id, connected_at) VALUES (65, '2023-02-18 19:51:49');
INSERT INTO session_table (user_id, connected_at) VALUES (66, '2023-06-08 09:16:15');
INSERT INTO session_table (user_id, connected_at) VALUES (66, '2023-02-23 00:23:35');
INSERT INTO session_table (user_id, connected_at) VALUES (66, '2023-02-13 18:18:18');
INSERT INTO session_table (user_id, connected_at) VALUES (66, '2023-03-07 23:05:44');
INSERT INTO session_table (user_id, connected_at) VALUES (66, '2023-04-21 23:10:35');
INSERT INTO session_table (user_id, connected_at) VALUES (66, '2023-01-28 12:22:07');
INSERT INTO session_table (user_id, connected_at) VALUES (66, '2023-01-23 22:47:30');
INSERT INTO session_table (user_id, connected_at) VALUES (66, '2023-01-23 12:21:43');
INSERT INTO session_table (user_id, connected_at) VALUES (66, '2023-01-28 06:37:04');
INSERT INTO session_table (user_id, connected_at) VALUES (66, '2023-06-14 19:17:34');
INSERT INTO session_table (user_id, connected_at) VALUES (67, '2023-04-06 19:34:47');
INSERT INTO session_table (user_id, connected_at) VALUES (67, '2023-04-13 23:05:10');
INSERT INTO session_table (user_id, connected_at) VALUES (67, '2023-01-03 16:57:32');
INSERT INTO session_table (user_id, connected_at) VALUES (67, '2023-02-22 18:54:53');
INSERT INTO session_table (user_id, connected_at) VALUES (67, '2023-01-08 23:22:02');
INSERT INTO session_table (user_id, connected_at) VALUES (67, '2023-03-10 20:40:43');
INSERT INTO session_table (user_id, connected_at) VALUES (67, '2023-02-11 05:03:48');
INSERT INTO session_table (user_id, connected_at) VALUES (67, '2023-03-06 16:27:45');
INSERT INTO session_table (user_id, connected_at) VALUES (67, '2023-05-30 19:16:05');
INSERT INTO session_table (user_id, connected_at) VALUES (67, '2023-01-24 13:19:10');
INSERT INTO session_table (user_id, connected_at) VALUES (68, '2023-01-15 00:46:26');
INSERT INTO session_table (user_id, connected_at) VALUES (68, '2023-01-15 03:21:21');
INSERT INTO session_table (user_id, connected_at) VALUES (68, '2023-02-13 01:20:46');
INSERT INTO session_table (user_id, connected_at) VALUES (68, '2023-04-05 03:26:07');
INSERT INTO session_table (user_id, connected_at) VALUES (68, '2023-04-06 14:59:15');
INSERT INTO session_table (user_id, connected_at) VALUES (68, '2023-05-08 03:28:15');
INSERT INTO session_table (user_id, connected_at) VALUES (68, '2023-02-23 14:51:52');
INSERT INTO session_table (user_id, connected_at) VALUES (68, '2023-06-15 11:06:24');
INSERT INTO session_table (user_id, connected_at) VALUES (68, '2023-01-24 19:31:39');
INSERT INTO session_table (user_id, connected_at) VALUES (68, '2023-04-29 03:48:10');
INSERT INTO session_table (user_id, connected_at) VALUES (69, '2023-03-16 10:50:27');
INSERT INTO session_table (user_id, connected_at) VALUES (69, '2023-01-13 12:33:11');
INSERT INTO session_table (user_id, connected_at) VALUES (69, '2023-02-08 18:55:37');
INSERT INTO session_table (user_id, connected_at) VALUES (69, '2023-01-04 20:47:25');
INSERT INTO session_table (user_id, connected_at) VALUES (69, '2023-01-17 22:41:17');
INSERT INTO session_table (user_id, connected_at) VALUES (69, '2023-05-02 17:54:48');
INSERT INTO session_table (user_id, connected_at) VALUES (69, '2023-06-01 18:56:32');
INSERT INTO session_table (user_id, connected_at) VALUES (69, '2023-03-10 04:46:42');
INSERT INTO session_table (user_id, connected_at) VALUES (69, '2023-06-14 14:45:16');
INSERT INTO session_table (user_id, connected_at) VALUES (69, '2023-02-07 11:24:55');
INSERT INTO session_table (user_id, connected_at) VALUES (70, '2023-04-19 22:55:18');
INSERT INTO session_table (user_id, connected_at) VALUES (70, '2023-02-25 18:15:08');
INSERT INTO session_table (user_id, connected_at) VALUES (70, '2023-03-13 19:04:32');
INSERT INTO session_table (user_id, connected_at) VALUES (70, '2023-05-12 17:57:47');
INSERT INTO session_table (user_id, connected_at) VALUES (70, '2023-04-15 20:38:53');
INSERT INTO session_table (user_id, connected_at) VALUES (70, '2023-03-26 19:55:40');
INSERT INTO session_table (user_id, connected_at) VALUES (70, '2023-03-16 03:22:54');
INSERT INTO session_table (user_id, connected_at) VALUES (70, '2023-05-01 08:21:54');
INSERT INTO session_table (user_id, connected_at) VALUES (70, '2023-03-28 08:31:45');
INSERT INTO session_table (user_id, connected_at) VALUES (70, '2023-01-17 03:38:33');
INSERT INTO session_table (user_id, connected_at) VALUES (71, '2023-02-16 10:12:19');
INSERT INTO session_table (user_id, connected_at) VALUES (71, '2023-01-14 20:30:48');
INSERT INTO session_table (user_id, connected_at) VALUES (71, '2023-06-23 05:42:29');
INSERT INTO session_table (user_id, connected_at) VALUES (71, '2023-02-26 08:08:42');
INSERT INTO session_table (user_id, connected_at) VALUES (71, '2023-02-18 22:42:42');
INSERT INTO session_table (user_id, connected_at) VALUES (71, '2023-05-02 19:26:41');
INSERT INTO session_table (user_id, connected_at) VALUES (71, '2023-05-24 22:14:10');
INSERT INTO session_table (user_id, connected_at) VALUES (71, '2023-01-11 20:13:25');
INSERT INTO session_table (user_id, connected_at) VALUES (71, '2023-02-06 03:55:43');
INSERT INTO session_table (user_id, connected_at) VALUES (71, '2023-03-18 04:39:54');
INSERT INTO session_table (user_id, connected_at) VALUES (72, '2023-05-28 19:18:27');
INSERT INTO session_table (user_id, connected_at) VALUES (72, '2023-06-16 23:45:38');
INSERT INTO session_table (user_id, connected_at) VALUES (72, '2023-05-31 02:23:12');
INSERT INTO session_table (user_id, connected_at) VALUES (72, '2023-05-15 22:18:01');
INSERT INTO session_table (user_id, connected_at) VALUES (72, '2023-06-29 00:51:53');
INSERT INTO session_table (user_id, connected_at) VALUES (72, '2023-02-25 08:05:26');
INSERT INTO session_table (user_id, connected_at) VALUES (72, '2023-04-06 09:21:16');
INSERT INTO session_table (user_id, connected_at) VALUES (72, '2023-05-19 06:08:12');
INSERT INTO session_table (user_id, connected_at) VALUES (72, '2023-06-19 23:48:34');
INSERT INTO session_table (user_id, connected_at) VALUES (72, '2023-03-31 16:32:58');
INSERT INTO session_table (user_id, connected_at) VALUES (73, '2023-06-12 23:45:02');
INSERT INTO session_table (user_id, connected_at) VALUES (73, '2023-06-02 09:12:17');
INSERT INTO session_table (user_id, connected_at) VALUES (73, '2023-02-23 06:45:35');
INSERT INTO session_table (user_id, connected_at) VALUES (73, '2023-04-04 16:20:30');
INSERT INTO session_table (user_id, connected_at) VALUES (73, '2023-04-25 06:46:10');
INSERT INTO session_table (user_id, connected_at) VALUES (73, '2023-05-08 08:04:05');
INSERT INTO session_table (user_id, connected_at) VALUES (73, '2023-03-30 02:31:54');
INSERT INTO session_table (user_id, connected_at) VALUES (73, '2023-06-28 14:31:04');
INSERT INTO session_table (user_id, connected_at) VALUES (73, '2023-01-03 02:21:38');
INSERT INTO session_table (user_id, connected_at) VALUES (73, '2023-01-27 12:39:34');
INSERT INTO session_table (user_id, connected_at) VALUES (74, '2023-01-03 01:05:34');
INSERT INTO session_table (user_id, connected_at) VALUES (74, '2023-06-25 08:44:02');
INSERT INTO session_table (user_id, connected_at) VALUES (74, '2023-03-17 10:56:49');
INSERT INTO session_table (user_id, connected_at) VALUES (74, '2023-02-02 06:36:00');
INSERT INTO session_table (user_id, connected_at) VALUES (74, '2023-06-18 00:21:26');
INSERT INTO session_table (user_id, connected_at) VALUES (74, '2023-05-20 22:02:37');
INSERT INTO session_table (user_id, connected_at) VALUES (74, '2023-05-26 03:24:21');
INSERT INTO session_table (user_id, connected_at) VALUES (74, '2023-05-02 06:16:20');
INSERT INTO session_table (user_id, connected_at) VALUES (74, '2023-03-23 10:56:14');
INSERT INTO session_table (user_id, connected_at) VALUES (74, '2023-01-13 01:29:18');
INSERT INTO session_table (user_id, connected_at) VALUES (75, '2023-05-03 06:08:52');
INSERT INTO session_table (user_id, connected_at) VALUES (75, '2023-03-01 23:47:18');
INSERT INTO session_table (user_id, connected_at) VALUES (75, '2023-03-14 01:10:11');
INSERT INTO session_table (user_id, connected_at) VALUES (75, '2023-04-26 16:48:25');
INSERT INTO session_table (user_id, connected_at) VALUES (75, '2023-03-09 04:57:35');
INSERT INTO session_table (user_id, connected_at) VALUES (75, '2023-03-26 10:29:48');
INSERT INTO session_table (user_id, connected_at) VALUES (75, '2023-05-19 17:41:50');
INSERT INTO session_table (user_id, connected_at) VALUES (75, '2023-05-09 19:24:24');
INSERT INTO session_table (user_id, connected_at) VALUES (75, '2023-02-21 00:43:38');
INSERT INTO session_table (user_id, connected_at) VALUES (75, '2023-05-27 05:56:56');
INSERT INTO session_table (user_id, connected_at) VALUES (76, '2023-03-05 00:38:37');
INSERT INTO session_table (user_id, connected_at) VALUES (76, '2023-05-23 05:36:56');
INSERT INTO session_table (user_id, connected_at) VALUES (76, '2023-01-01 22:05:44');
INSERT INTO session_table (user_id, connected_at) VALUES (76, '2023-01-15 14:15:41');
INSERT INTO session_table (user_id, connected_at) VALUES (76, '2023-01-19 19:02:39');
INSERT INTO session_table (user_id, connected_at) VALUES (76, '2023-03-21 18:16:05');
INSERT INTO session_table (user_id, connected_at) VALUES (76, '2023-02-11 09:56:48');
INSERT INTO session_table (user_id, connected_at) VALUES (76, '2023-05-07 13:34:43');
INSERT INTO session_table (user_id, connected_at) VALUES (76, '2023-03-17 04:27:05');
INSERT INTO session_table (user_id, connected_at) VALUES (76, '2023-01-07 12:05:56');
INSERT INTO session_table (user_id, connected_at) VALUES (77, '2023-06-17 05:53:08');
INSERT INTO session_table (user_id, connected_at) VALUES (77, '2023-01-12 12:51:13');
INSERT INTO session_table (user_id, connected_at) VALUES (77, '2023-03-15 15:02:52');
INSERT INTO session_table (user_id, connected_at) VALUES (77, '2023-06-07 21:22:22');
INSERT INTO session_table (user_id, connected_at) VALUES (77, '2023-06-10 01:15:11');
INSERT INTO session_table (user_id, connected_at) VALUES (77, '2023-04-05 01:56:47');
INSERT INTO session_table (user_id, connected_at) VALUES (77, '2023-01-16 16:57:48');
INSERT INTO session_table (user_id, connected_at) VALUES (77, '2023-05-19 16:49:26');
INSERT INTO session_table (user_id, connected_at) VALUES (77, '2023-01-09 11:07:29');
INSERT INTO session_table (user_id, connected_at) VALUES (77, '2023-04-03 04:52:37');
INSERT INTO session_table (user_id, connected_at) VALUES (78, '2023-01-13 07:47:08');
INSERT INTO session_table (user_id, connected_at) VALUES (78, '2023-04-03 00:48:44');
INSERT INTO session_table (user_id, connected_at) VALUES (78, '2023-05-18 10:33:19');
INSERT INTO session_table (user_id, connected_at) VALUES (78, '2023-03-12 17:09:53');
INSERT INTO session_table (user_id, connected_at) VALUES (78, '2023-02-02 17:18:31');
INSERT INTO session_table (user_id, connected_at) VALUES (78, '2023-01-08 00:24:18');
INSERT INTO session_table (user_id, connected_at) VALUES (78, '2023-01-16 17:09:25');
INSERT INTO session_table (user_id, connected_at) VALUES (78, '2023-01-19 23:21:25');
INSERT INTO session_table (user_id, connected_at) VALUES (78, '2023-06-30 18:48:02');
INSERT INTO session_table (user_id, connected_at) VALUES (78, '2023-03-26 03:53:43');
INSERT INTO session_table (user_id, connected_at) VALUES (79, '2023-06-04 00:24:18');
INSERT INTO session_table (user_id, connected_at) VALUES (79, '2023-02-09 10:09:22');
INSERT INTO session_table (user_id, connected_at) VALUES (79, '2023-05-27 04:07:10');
INSERT INTO session_table (user_id, connected_at) VALUES (79, '2023-02-09 16:57:13');
INSERT INTO session_table (user_id, connected_at) VALUES (79, '2023-02-02 16:40:40');
INSERT INTO session_table (user_id, connected_at) VALUES (79, '2023-04-19 20:18:39');
INSERT INTO session_table (user_id, connected_at) VALUES (79, '2023-03-04 23:46:59');
INSERT INTO session_table (user_id, connected_at) VALUES (79, '2023-04-15 12:27:25');
INSERT INTO session_table (user_id, connected_at) VALUES (79, '2023-03-11 06:24:43');
INSERT INTO session_table (user_id, connected_at) VALUES (79, '2023-04-07 22:28:41');
INSERT INTO session_table (user_id, connected_at) VALUES (80, '2023-04-26 10:51:42');
INSERT INTO session_table (user_id, connected_at) VALUES (80, '2023-04-29 16:06:21');
INSERT INTO session_table (user_id, connected_at) VALUES (80, '2023-05-15 20:24:36');
INSERT INTO session_table (user_id, connected_at) VALUES (80, '2023-05-20 17:14:24');
INSERT INTO session_table (user_id, connected_at) VALUES (80, '2023-03-11 08:21:10');
INSERT INTO session_table (user_id, connected_at) VALUES (80, '2023-03-24 17:52:27');
INSERT INTO session_table (user_id, connected_at) VALUES (80, '2023-06-01 06:48:41');
INSERT INTO session_table (user_id, connected_at) VALUES (80, '2023-02-24 13:38:30');
INSERT INTO session_table (user_id, connected_at) VALUES (80, '2023-04-13 07:06:32');
INSERT INTO session_table (user_id, connected_at) VALUES (80, '2023-05-31 15:36:25');
INSERT INTO session_table (user_id, connected_at) VALUES (81, '2023-02-16 05:45:26');
INSERT INTO session_table (user_id, connected_at) VALUES (81, '2023-06-25 21:38:27');
INSERT INTO session_table (user_id, connected_at) VALUES (81, '2023-04-09 13:13:54');
INSERT INTO session_table (user_id, connected_at) VALUES (81, '2023-06-08 01:41:54');
INSERT INTO session_table (user_id, connected_at) VALUES (81, '2023-02-09 03:44:44');
INSERT INTO session_table (user_id, connected_at) VALUES (81, '2023-05-03 01:56:16');
INSERT INTO session_table (user_id, connected_at) VALUES (81, '2023-01-11 02:51:24');
INSERT INTO session_table (user_id, connected_at) VALUES (81, '2023-04-30 17:31:34');
INSERT INTO session_table (user_id, connected_at) VALUES (81, '2023-03-22 17:55:25');
INSERT INTO session_table (user_id, connected_at) VALUES (81, '2023-02-23 01:40:00');
INSERT INTO session_table (user_id, connected_at) VALUES (82, '2023-06-17 14:54:42');
INSERT INTO session_table (user_id, connected_at) VALUES (82, '2023-01-01 05:48:05');
INSERT INTO session_table (user_id, connected_at) VALUES (82, '2023-04-03 02:13:15');
INSERT INTO session_table (user_id, connected_at) VALUES (82, '2023-05-28 23:16:16');
INSERT INTO session_table (user_id, connected_at) VALUES (82, '2023-05-21 03:36:44');
INSERT INTO session_table (user_id, connected_at) VALUES (82, '2023-03-07 12:58:54');
INSERT INTO session_table (user_id, connected_at) VALUES (82, '2023-04-20 07:19:53');
INSERT INTO session_table (user_id, connected_at) VALUES (82, '2023-03-28 01:53:57');
INSERT INTO session_table (user_id, connected_at) VALUES (82, '2023-03-13 11:16:41');
INSERT INTO session_table (user_id, connected_at) VALUES (82, '2023-03-29 07:41:38');
INSERT INTO session_table (user_id, connected_at) VALUES (83, '2023-02-20 18:03:58');
INSERT INTO session_table (user_id, connected_at) VALUES (83, '2023-01-26 18:05:21');
INSERT INTO session_table (user_id, connected_at) VALUES (83, '2023-03-27 04:20:19');
INSERT INTO session_table (user_id, connected_at) VALUES (83, '2023-05-31 13:03:26');
INSERT INTO session_table (user_id, connected_at) VALUES (83, '2023-02-15 03:01:29');
INSERT INTO session_table (user_id, connected_at) VALUES (83, '2023-06-24 07:28:18');
INSERT INTO session_table (user_id, connected_at) VALUES (83, '2023-04-14 04:34:35');
INSERT INTO session_table (user_id, connected_at) VALUES (83, '2023-01-29 05:10:21');
INSERT INTO session_table (user_id, connected_at) VALUES (83, '2023-02-19 23:31:23');
INSERT INTO session_table (user_id, connected_at) VALUES (83, '2023-01-28 20:25:17');
INSERT INTO session_table (user_id, connected_at) VALUES (84, '2023-04-22 05:51:59');
INSERT INTO session_table (user_id, connected_at) VALUES (84, '2023-06-23 13:32:54');
INSERT INTO session_table (user_id, connected_at) VALUES (84, '2023-04-30 23:15:44');
INSERT INTO session_table (user_id, connected_at) VALUES (84, '2023-06-28 08:06:34');
INSERT INTO session_table (user_id, connected_at) VALUES (84, '2023-05-24 01:07:00');
INSERT INTO session_table (user_id, connected_at) VALUES (84, '2023-01-16 11:17:27');
INSERT INTO session_table (user_id, connected_at) VALUES (84, '2023-02-28 09:16:42');
INSERT INTO session_table (user_id, connected_at) VALUES (84, '2023-06-06 17:07:35');
INSERT INTO session_table (user_id, connected_at) VALUES (84, '2023-03-01 17:22:22');
INSERT INTO session_table (user_id, connected_at) VALUES (84, '2023-05-26 18:49:33');
INSERT INTO session_table (user_id, connected_at) VALUES (85, '2023-01-06 23:11:14');
INSERT INTO session_table (user_id, connected_at) VALUES (85, '2023-03-23 01:44:52');
INSERT INTO session_table (user_id, connected_at) VALUES (85, '2023-01-24 10:30:49');
INSERT INTO session_table (user_id, connected_at) VALUES (85, '2023-04-25 01:22:54');
INSERT INTO session_table (user_id, connected_at) VALUES (85, '2023-01-18 22:03:24');
INSERT INTO session_table (user_id, connected_at) VALUES (85, '2023-05-06 15:18:50');
INSERT INTO session_table (user_id, connected_at) VALUES (85, '2023-05-31 08:58:54');
INSERT INTO session_table (user_id, connected_at) VALUES (85, '2023-05-03 06:03:03');
INSERT INTO session_table (user_id, connected_at) VALUES (85, '2023-02-18 01:13:21');
INSERT INTO session_table (user_id, connected_at) VALUES (85, '2023-02-04 20:16:31');
INSERT INTO session_table (user_id, connected_at) VALUES (86, '2023-03-22 06:41:28');
INSERT INTO session_table (user_id, connected_at) VALUES (86, '2023-02-13 02:33:33');
INSERT INTO session_table (user_id, connected_at) VALUES (86, '2023-06-15 21:09:05');
INSERT INTO session_table (user_id, connected_at) VALUES (86, '2023-03-22 21:45:45');
INSERT INTO session_table (user_id, connected_at) VALUES (86, '2023-03-11 22:20:14');
INSERT INTO session_table (user_id, connected_at) VALUES (86, '2023-06-17 12:27:00');
INSERT INTO session_table (user_id, connected_at) VALUES (86, '2023-03-25 14:13:31');
INSERT INTO session_table (user_id, connected_at) VALUES (86, '2023-04-18 17:34:57');
INSERT INTO session_table (user_id, connected_at) VALUES (86, '2023-06-21 19:31:51');
INSERT INTO session_table (user_id, connected_at) VALUES (86, '2023-02-09 07:29:35');
INSERT INTO session_table (user_id, connected_at) VALUES (87, '2023-02-22 13:11:39');
INSERT INTO session_table (user_id, connected_at) VALUES (87, '2023-06-24 03:52:29');
INSERT INTO session_table (user_id, connected_at) VALUES (87, '2023-05-31 11:21:36');
INSERT INTO session_table (user_id, connected_at) VALUES (87, '2023-03-03 12:51:24');
INSERT INTO session_table (user_id, connected_at) VALUES (87, '2023-03-10 01:22:56');
INSERT INTO session_table (user_id, connected_at) VALUES (87, '2023-01-06 10:57:54');
INSERT INTO session_table (user_id, connected_at) VALUES (87, '2023-04-20 16:58:56');
INSERT INTO session_table (user_id, connected_at) VALUES (87, '2023-05-24 00:05:41');
INSERT INTO session_table (user_id, connected_at) VALUES (87, '2023-01-11 23:29:52');
INSERT INTO session_table (user_id, connected_at) VALUES (87, '2023-04-09 06:35:14');
INSERT INTO session_table (user_id, connected_at) VALUES (88, '2023-03-08 03:26:29');
INSERT INTO session_table (user_id, connected_at) VALUES (88, '2023-05-10 17:18:54');
INSERT INTO session_table (user_id, connected_at) VALUES (88, '2023-02-17 15:33:17');
INSERT INTO session_table (user_id, connected_at) VALUES (88, '2023-05-12 06:13:17');
INSERT INTO session_table (user_id, connected_at) VALUES (88, '2023-05-24 08:14:26');
INSERT INTO session_table (user_id, connected_at) VALUES (88, '2023-04-04 17:37:39');
INSERT INTO session_table (user_id, connected_at) VALUES (88, '2023-06-09 05:48:34');
INSERT INTO session_table (user_id, connected_at) VALUES (88, '2023-01-04 06:15:52');
INSERT INTO session_table (user_id, connected_at) VALUES (88, '2023-01-25 00:36:27');
INSERT INTO session_table (user_id, connected_at) VALUES (88, '2023-06-08 08:55:14');
INSERT INTO session_table (user_id, connected_at) VALUES (89, '2023-03-03 10:28:36');
INSERT INTO session_table (user_id, connected_at) VALUES (89, '2023-02-12 06:27:02');
INSERT INTO session_table (user_id, connected_at) VALUES (89, '2023-05-05 12:03:29');
INSERT INTO session_table (user_id, connected_at) VALUES (89, '2023-04-26 21:12:10');
INSERT INTO session_table (user_id, connected_at) VALUES (89, '2023-01-24 19:16:00');
INSERT INTO session_table (user_id, connected_at) VALUES (89, '2023-02-03 02:24:37');
INSERT INTO session_table (user_id, connected_at) VALUES (89, '2023-03-23 03:57:51');
INSERT INTO session_table (user_id, connected_at) VALUES (89, '2023-03-19 21:13:41');
INSERT INTO session_table (user_id, connected_at) VALUES (89, '2023-06-26 00:37:38');
INSERT INTO session_table (user_id, connected_at) VALUES (89, '2023-03-22 13:49:16');
INSERT INTO session_table (user_id, connected_at) VALUES (90, '2023-03-26 06:08:36');
INSERT INTO session_table (user_id, connected_at) VALUES (90, '2023-01-10 11:45:50');
INSERT INTO session_table (user_id, connected_at) VALUES (90, '2023-06-05 01:13:19');
INSERT INTO session_table (user_id, connected_at) VALUES (90, '2023-05-31 02:15:08');
INSERT INTO session_table (user_id, connected_at) VALUES (90, '2023-04-16 03:52:07');
INSERT INTO session_table (user_id, connected_at) VALUES (90, '2023-06-29 09:14:29');
INSERT INTO session_table (user_id, connected_at) VALUES (90, '2023-02-26 05:23:52');
INSERT INTO session_table (user_id, connected_at) VALUES (90, '2023-03-04 05:28:35');
INSERT INTO session_table (user_id, connected_at) VALUES (90, '2023-06-28 00:53:32');
INSERT INTO session_table (user_id, connected_at) VALUES (90, '2023-04-04 23:46:55');
INSERT INTO session_table (user_id, connected_at) VALUES (91, '2023-04-25 23:51:25');
INSERT INTO session_table (user_id, connected_at) VALUES (91, '2023-05-29 23:32:40');
INSERT INTO session_table (user_id, connected_at) VALUES (91, '2023-02-06 16:06:48');
INSERT INTO session_table (user_id, connected_at) VALUES (91, '2023-02-04 23:06:10');
INSERT INTO session_table (user_id, connected_at) VALUES (91, '2023-05-08 06:04:47');
INSERT INTO session_table (user_id, connected_at) VALUES (91, '2023-04-11 05:12:21');
INSERT INTO session_table (user_id, connected_at) VALUES (91, '2023-01-07 03:37:16');
INSERT INTO session_table (user_id, connected_at) VALUES (91, '2023-03-16 17:34:27');
INSERT INTO session_table (user_id, connected_at) VALUES (91, '2023-04-03 11:34:29');
INSERT INTO session_table (user_id, connected_at) VALUES (91, '2023-05-18 05:38:43');
INSERT INTO session_table (user_id, connected_at) VALUES (92, '2023-03-15 06:22:03');
INSERT INTO session_table (user_id, connected_at) VALUES (92, '2023-03-13 15:49:05');
INSERT INTO session_table (user_id, connected_at) VALUES (92, '2023-03-22 15:54:16');
INSERT INTO session_table (user_id, connected_at) VALUES (92, '2023-03-08 07:23:36');
INSERT INTO session_table (user_id, connected_at) VALUES (92, '2023-01-08 14:09:39');
INSERT INTO session_table (user_id, connected_at) VALUES (92, '2023-01-10 08:15:32');
INSERT INTO session_table (user_id, connected_at) VALUES (92, '2023-05-21 16:04:10');
INSERT INTO session_table (user_id, connected_at) VALUES (92, '2023-03-31 16:40:30');
INSERT INTO session_table (user_id, connected_at) VALUES (92, '2023-06-24 03:47:28');
INSERT INTO session_table (user_id, connected_at) VALUES (92, '2023-06-23 18:30:46');
INSERT INTO session_table (user_id, connected_at) VALUES (93, '2023-06-06 23:57:12');
INSERT INTO session_table (user_id, connected_at) VALUES (93, '2023-03-25 04:31:19');
INSERT INTO session_table (user_id, connected_at) VALUES (93, '2023-03-25 09:54:27');
INSERT INTO session_table (user_id, connected_at) VALUES (93, '2023-06-05 23:52:05');
INSERT INTO session_table (user_id, connected_at) VALUES (93, '2023-06-08 05:34:00');
INSERT INTO session_table (user_id, connected_at) VALUES (93, '2023-06-12 08:57:30');
INSERT INTO session_table (user_id, connected_at) VALUES (93, '2023-02-02 00:43:04');
INSERT INTO session_table (user_id, connected_at) VALUES (93, '2023-01-08 07:42:26');
INSERT INTO session_table (user_id, connected_at) VALUES (93, '2023-03-04 07:16:05');
INSERT INTO session_table (user_id, connected_at) VALUES (93, '2023-03-09 19:28:38');
INSERT INTO session_table (user_id, connected_at) VALUES (94, '2023-02-11 07:37:10');
INSERT INTO session_table (user_id, connected_at) VALUES (94, '2023-04-06 11:36:02');
INSERT INTO session_table (user_id, connected_at) VALUES (94, '2023-06-05 15:54:06');
INSERT INTO session_table (user_id, connected_at) VALUES (94, '2023-03-27 19:58:32');
INSERT INTO session_table (user_id, connected_at) VALUES (94, '2023-02-09 03:25:14');
INSERT INTO session_table (user_id, connected_at) VALUES (94, '2023-01-27 17:50:53');
INSERT INTO session_table (user_id, connected_at) VALUES (94, '2023-04-02 21:49:48');
INSERT INTO session_table (user_id, connected_at) VALUES (94, '2023-01-18 18:56:28');
INSERT INTO session_table (user_id, connected_at) VALUES (94, '2023-03-09 00:13:27');
INSERT INTO session_table (user_id, connected_at) VALUES (94, '2023-04-07 16:11:18');
INSERT INTO session_table (user_id, connected_at) VALUES (95, '2023-06-29 03:00:36');
INSERT INTO session_table (user_id, connected_at) VALUES (95, '2023-05-29 21:51:57');
INSERT INTO session_table (user_id, connected_at) VALUES (95, '2023-01-06 05:47:50');
INSERT INTO session_table (user_id, connected_at) VALUES (95, '2023-03-21 20:11:26');
INSERT INTO session_table (user_id, connected_at) VALUES (95, '2023-03-26 16:57:50');
INSERT INTO session_table (user_id, connected_at) VALUES (95, '2023-04-14 22:06:54');
INSERT INTO session_table (user_id, connected_at) VALUES (95, '2023-03-02 14:52:32');
INSERT INTO session_table (user_id, connected_at) VALUES (95, '2023-03-24 06:10:22');
INSERT INTO session_table (user_id, connected_at) VALUES (95, '2023-05-12 00:20:14');
INSERT INTO session_table (user_id, connected_at) VALUES (95, '2023-04-21 01:11:59');
INSERT INTO session_table (user_id, connected_at) VALUES (96, '2023-03-12 08:07:29');
INSERT INTO session_table (user_id, connected_at) VALUES (96, '2023-06-14 03:23:33');
INSERT INTO session_table (user_id, connected_at) VALUES (96, '2023-02-26 19:36:06');
INSERT INTO session_table (user_id, connected_at) VALUES (96, '2023-03-25 07:14:36');
INSERT INTO session_table (user_id, connected_at) VALUES (96, '2023-05-03 18:10:27');
INSERT INTO session_table (user_id, connected_at) VALUES (96, '2023-03-18 18:42:20');
INSERT INTO session_table (user_id, connected_at) VALUES (96, '2023-03-16 15:53:32');
INSERT INTO session_table (user_id, connected_at) VALUES (96, '2023-01-28 15:18:52');
INSERT INTO session_table (user_id, connected_at) VALUES (96, '2023-06-29 01:21:12');
INSERT INTO session_table (user_id, connected_at) VALUES (96, '2023-03-11 06:25:16');
INSERT INTO session_table (user_id, connected_at) VALUES (97, '2023-01-09 03:52:27');
INSERT INTO session_table (user_id, connected_at) VALUES (97, '2023-02-18 16:16:02');
INSERT INTO session_table (user_id, connected_at) VALUES (97, '2023-06-15 20:04:49');
INSERT INTO session_table (user_id, connected_at) VALUES (97, '2023-05-12 22:45:48');
INSERT INTO session_table (user_id, connected_at) VALUES (97, '2023-01-06 11:31:17');
INSERT INTO session_table (user_id, connected_at) VALUES (97, '2023-04-06 11:43:24');
INSERT INTO session_table (user_id, connected_at) VALUES (97, '2023-06-04 06:40:26');
INSERT INTO session_table (user_id, connected_at) VALUES (97, '2023-01-06 16:23:52');
INSERT INTO session_table (user_id, connected_at) VALUES (97, '2023-02-02 11:10:54');
INSERT INTO session_table (user_id, connected_at) VALUES (97, '2023-03-07 07:04:06');
INSERT INTO session_table (user_id, connected_at) VALUES (98, '2023-02-24 07:43:10');
INSERT INTO session_table (user_id, connected_at) VALUES (98, '2023-01-13 18:02:26');
INSERT INTO session_table (user_id, connected_at) VALUES (98, '2023-06-09 20:16:22');
INSERT INTO session_table (user_id, connected_at) VALUES (98, '2023-01-19 03:29:19');
INSERT INTO session_table (user_id, connected_at) VALUES (98, '2023-05-29 10:29:07');
INSERT INTO session_table (user_id, connected_at) VALUES (98, '2023-01-28 07:51:39');
INSERT INTO session_table (user_id, connected_at) VALUES (98, '2023-01-19 09:05:21');
INSERT INTO session_table (user_id, connected_at) VALUES (98, '2023-02-23 15:24:16');
INSERT INTO session_table (user_id, connected_at) VALUES (98, '2023-03-22 09:51:10');
INSERT INTO session_table (user_id, connected_at) VALUES (98, '2023-05-02 18:00:12');
INSERT INTO session_table (user_id, connected_at) VALUES (99, '2023-04-14 17:30:01');
INSERT INTO session_table (user_id, connected_at) VALUES (99, '2023-06-28 09:39:25');
INSERT INTO session_table (user_id, connected_at) VALUES (99, '2023-06-22 13:37:25');
INSERT INTO session_table (user_id, connected_at) VALUES (99, '2023-06-04 15:06:42');
INSERT INTO session_table (user_id, connected_at) VALUES (99, '2023-02-06 07:09:53');
INSERT INTO session_table (user_id, connected_at) VALUES (99, '2023-01-18 03:47:52');
INSERT INTO session_table (user_id, connected_at) VALUES (99, '2023-06-17 23:00:03');
INSERT INTO session_table (user_id, connected_at) VALUES (99, '2023-02-21 16:50:26');
INSERT INTO session_table (user_id, connected_at) VALUES (99, '2023-06-23 06:41:45');
INSERT INTO session_table (user_id, connected_at) VALUES (99, '2023-02-02 19:21:21');
INSERT INTO session_table (user_id, connected_at) VALUES (100, '2023-01-24 23:52:10');
INSERT INTO session_table (user_id, connected_at) VALUES (100, '2023-01-09 21:45:35');
INSERT INTO session_table (user_id, connected_at) VALUES (100, '2023-06-09 13:35:10');
INSERT INTO session_table (user_id, connected_at) VALUES (100, '2023-03-02 20:39:03');
INSERT INTO session_table (user_id, connected_at) VALUES (100, '2023-03-20 19:38:11');
INSERT INTO session_table (user_id, connected_at) VALUES (100, '2023-06-30 23:03:41');
INSERT INTO session_table (user_id, connected_at) VALUES (100, '2023-06-27 23:18:56');
INSERT INTO session_table (user_id, connected_at) VALUES (100, '2023-04-17 10:42:29');
INSERT INTO session_table (user_id, connected_at) VALUES (100, '2023-01-07 22:19:51');
INSERT INTO session_table (user_id, connected_at) VALUES (100, '2023-02-12 15:22:30');
