INSERT INTO user_table (firstname, lastname, email, username, password, created_at) VALUES ('Kenneth', 'Vasquez', 'sandovalmichael@example.com', 'saundersa', '_9K)RHO&0g', '2023-06-10 13:49:20');
INSERT INTO user_table (firstname, lastname, email, username, password, created_at) VALUES ('Amy', 'Lee', 'kristen64@example.net', 'andreafrazier', '^+Dd&!xR73', '2023-03-14 02:15:07');
INSERT INTO user_table (firstname, lastname, email, username, password, created_at) VALUES ('Michelle', 'Smith', 'xcarter@example.com', 'fmitchell', '*37XJhwYNR', '2023-03-17 15:47:04');
INSERT INTO user_table (firstname, lastname, email, username, password, created_at) VALUES ('Cody', 'Thomas', 'dskinner@example.net', 'fergusonbria', '&u0Fux8#)', '2023-01-15 06:57:08');
INSERT INTO user_table (firstname, lastname, email, username, password, created_at) VALUES ('William', 'Quinn', 'james42@example.net', 'kristaguzman', 's6BapP*q&6', '2023-05-10 01:41:03');
INSERT INTO user_table (firstname, lastname, email, username, password, created_at) VALUES ('Jay', 'Harris', 'ryan79@example.com', 'alexandratyle', '#93xAwr7XY', '2023-02-13 23:42:40');
INSERT INTO user_table (firstname, lastname, email, username, password, created_at) VALUES ('Samantha', 'Williams', 'mortonjohn@example.com', 'rodriguezke', '(gcG1VpRWF', '2023-03-29 01:49:55');
INSERT INTO user_table (firstname, lastname, email, username, password, created_at) VALUES ('Pamela', 'Jefferson', 'michaelnelson@example.org', 'alisongon', '^C4TMtLqyn', '2023-04-17 04:03:44');
INSERT INTO user_table (firstname, lastname, email, username, password, created_at) VALUES ('Dawn', 'Rodriguez', 'reedsarah@example.org', 'angelarom', 'a!Hx0JsrVD', '2023-05-24 10:51:47');
INSERT INTO user_table (firstname, lastname, email, username, password, created_at) VALUES ('Holly', 'Craig', 'michaelhayes@example.org', 'dawnhudson', '!8lBnMNbgI', '2023-01-24 17:56:50');
INSERT INTO user_table (firstname, lastname, email, username, password, created_at) VALUES ('Michael', 'White', 'erikajones@example.org', 'richard35', '6HJjZnot*', '2023-04-25 01:08:20');
INSERT INTO user_table (firstname, lastname, email, username, password, created_at) VALUES ('Christopher', 'Shaw', 'levyleslie@example.com', 'davidrobbin', 'MbR40E)6E)', '2023-06-20 03:13:04');
INSERT INTO user_table (firstname, lastname, email, username, password, created_at) VALUES ('Paul', 'Klein', 'cody99@example.net', 'kimberlyrog', '_8KEHYyKr0', '2023-04-12 17:23:08');
INSERT INTO user_table (firstname, lastname, email, username, password, created_at) VALUES ('Scott', 'Jarvis', 'brendajackson@example.com', 'larrymosl', 'iJ&24mMm8i', '2023-06-06 13:43:25');
INSERT INTO user_table (firstname, lastname, email, username, password, created_at) VALUES ('Heather', 'Ferguson', 'markglover@example.net', 'kristinewells', 'cS0OTd3j&J', '2023-01-29 09:04:04');
INSERT INTO user_table (firstname, lastname, email, username, password, created_at) VALUES ('Kimberly', 'Kelly', 'rthompson@example.com', 'michaelba', '$SND)5_lM7', '2023-03-22 10:42:54');
INSERT INTO user_table (firstname, lastname, email, username, password, created_at) VALUES ('Patricia', 'Quinn', 'jamescampbell@example.org', 'susanmatthews', '#@!@504pRJ', '2023-05-28 04:25:24');
INSERT INTO user_table (firstname, lastname, email, username, password, created_at) VALUES ('Jerry', 'Good', 'jennifer72@example.org', 'kristendavi', 'pY91WQj)j(', '2023-04-12 10:05:22');
INSERT INTO user_table (firstname, lastname, email, username, password, created_at) VALUES ('Eric', 'Brown', 'anthonylaura@example.com', 'johnsonamanda', 'S3Rv@xr8_', '2023-01-07 08:35:52');
INSERT INTO user_table (firstname, lastname, email, username, password, created_at) VALUES ('Robert', 'Swanson', 'snyderbrian@example.com', 'deborahhardi', 'x%wF^1JqCS', '2023-06-12 04:48:29');
INSERT INTO user_table (firstname, lastname, email, username, password, created_at) VALUES ('Sean', 'Freeman', 'tiffany77@example.org', 'valdezjacob', '@4BmrJZh_X', '2023-06-18 08:46:48');
INSERT INTO user_table (firstname, lastname, email, username, password, created_at) VALUES ('Blake', 'Rios', 'montoyaandrea@example.com', 'colenguyen', '*3RNf7IgdX', '2023-06-01 19:18:05');
INSERT INTO user_table (firstname, lastname, email, username, password, created_at) VALUES ('Glenn', 'Wilson', 'dannyowens@example.com', 'smithmichelle', '$CbYtJdZ6e', '2023-02-19 02:22:16');
INSERT INTO user_table (firstname, lastname, email, username, password, created_at) VALUES ('Samuel', 'Moss', 'santiagosteven@example.org', 'stonejessic', '&@2_@G*vL@', '2023-02-26 13:32:38');
INSERT INTO user_table (firstname, lastname, email, username, password, created_at) VALUES ('Kenneth', 'Graham', 'rubiopamela@example.net', 'jennifer06', 'ZH9t7BJua^', '2023-04-05 15:02:19');
INSERT INTO user_table (firstname, lastname, email, username, password, created_at) VALUES ('Katherine', 'White', 'frank84@example.net', 'rebecca30', 'J&0SeJF98#', '2023-03-23 01:24:18');
INSERT INTO user_table (firstname, lastname, email, username, password, created_at) VALUES ('Joseph', 'Garcia', 'ianjackson@example.org', 'patricia01', ')1uWrfv7M%', '2023-02-24 14:34:43');
INSERT INTO user_table (firstname, lastname, email, username, password, created_at) VALUES ('Margaret', 'Smith', 'xyoung@example.org', 'arellanocharl', '^jYNL2J56n', '2023-01-08 08:40:44');
INSERT INTO user_table (firstname, lastname, email, username, password, created_at) VALUES ('Jacob', 'Hebert', 'joshua64@example.com', 'dudleychristop', '&_9$EOqHO$', '2023-02-26 14:11:46');
INSERT INTO user_table (firstname, lastname, email, username, password, created_at) VALUES ('Ricardo', 'Cline', 'ncarter@example.org', 'alvarezcynthia', '$3MXZkkMzQ', '2023-05-13 19:59:45');
INSERT INTO user_table (firstname, lastname, email, username, password, created_at) VALUES ('Marilyn', 'Cortez', 'ojohnson@example.com', 'william89', ')ceWnaUn@', '2023-02-05 11:48:38');
INSERT INTO user_table (firstname, lastname, email, username, password, created_at) VALUES ('Barbara', 'Taylor', 'mcdonaldmargaret@example.com', 'petersenmelissa', ')x%P)Lj75V', '2023-04-08 18:11:50');
INSERT INTO user_table (firstname, lastname, email, username, password, created_at) VALUES ('Wendy', 'Reid', 'harrysingh@example.org', 'brownedward', 'GyJC2#ElI+', '2023-02-08 00:15:18');
INSERT INTO user_table (firstname, lastname, email, username, password, created_at) VALUES ('Brian', 'Thomas', 'hjones@example.net', 'christina93', '8tF9wa^m^g', '2023-04-15 02:47:01');
INSERT INTO user_table (firstname, lastname, email, username, password, created_at) VALUES ('Clarence', 'Wise', 'hilljohn@example.com', 'collinsnorman', 'n24oKC&jE(', '2023-02-21 04:05:41');
INSERT INTO user_table (firstname, lastname, email, username, password, created_at) VALUES ('Antonio', 'Morrison', 'leejustin@example.org', 'courtneyruss', '7ZN22yIH+4', '2023-04-11 22:12:27');
INSERT INTO user_table (firstname, lastname, email, username, password, created_at) VALUES ('Melissa', 'Roberts', 'christopher51@example.net', 'thompsonbrittan', 'vL)3Ta8%1)', '2023-06-06 00:11:37');
INSERT INTO user_table (firstname, lastname, email, username, password, created_at) VALUES ('Diana', 'Underwood', 'nicoledavis@example.com', 'pricejohn', '+dUXx4Kg^9', '2023-01-23 12:30:47');
INSERT INTO user_table (firstname, lastname, email, username, password, created_at) VALUES ('Aaron', 'Hendrix', 'danaguerrero@example.com', 'jasonsimm', '(ho+3hBqnA', '2023-01-13 13:40:46');
INSERT INTO user_table (firstname, lastname, email, username, password, created_at) VALUES ('William', 'Tran', 'lindseyfuller@example.com', 'jennifers', 'I9S@rOnh%2', '2023-04-22 07:21:46');
INSERT INTO user_table (firstname, lastname, email, username, password, created_at) VALUES ('Brittney', 'White', 'jgrant@example.net', 'rosemaria', ')mNLuJc6q4', '2023-02-09 09:23:40');
INSERT INTO user_table (firstname, lastname, email, username, password, created_at) VALUES ('Derrick', 'Martinez', 'aaronquinn@example.org', 'vgonzalez', '2N5Mxr8k^y', '2023-06-30 11:50:53');
INSERT INTO user_table (firstname, lastname, email, username, password, created_at) VALUES ('Traci', 'Willis', 'richardmoore@example.org', 'zachary92', 'Z^3SEs&btt', '2023-03-04 13:12:21');
INSERT INTO user_table (firstname, lastname, email, username, password, created_at) VALUES ('David', 'Brown', 'portercrystal@example.org', 'michaelha', 'cgg2%7Wu+f', '2023-05-12 18:05:40');
INSERT INTO user_table (firstname, lastname, email, username, password, created_at) VALUES ('Alexandra', 'Cook', 'hwinters@example.com', 'timothy99', '&s_38LgsZl', '2023-02-26 08:45:28');
INSERT INTO user_table (firstname, lastname, email, username, password, created_at) VALUES ('Matthew', 'Martin', 'kwoods@example.org', 'martinbro', 'w@RJm)sj!6', '2023-02-08 01:18:23');
INSERT INTO user_table (firstname, lastname, email, username, password, created_at) VALUES ('Robert', 'Moore', 'joyceeric@example.org', 'ochoaashlee', '@2%O2omnVn', '2023-02-23 14:53:24');
INSERT INTO user_table (firstname, lastname, email, username, password, created_at) VALUES ('Samantha', 'May', 'davisstephanie@example.org', 'hardingalex', 'ueaLeyxx^4', '2023-06-02 08:27:20');
INSERT INTO user_table (firstname, lastname, email, username, password, created_at) VALUES ('Teresa', 'Alexander', 'robert39@example.net', 'randycobb', '&(5MUf3sKa', '2023-04-19 12:10:42');
INSERT INTO user_table (firstname, lastname, email, username, password, created_at) VALUES ('Barbara', 'Hubbard', 'ayaladavid@example.net', 'dgutierrez', '2o9U+ay3@p', '2023-04-26 19:20:59');
INSERT INTO user_table (firstname, lastname, email, username, password, created_at) VALUES ('Cynthia', 'Wong', 'wallacedeborah@example.net', 'mckayanthon', '1@3wACNk(', '2023-01-09 07:19:42');
INSERT INTO user_table (firstname, lastname, email, username, password, created_at) VALUES ('Andrew', 'Henderson', 'jameshill@example.com', 'jonessara', '%lEoahoL&2', '2023-02-03 10:50:39');
INSERT INTO user_table (firstname, lastname, email, username, password, created_at) VALUES ('Eric', 'Stanley', 'cnewman@example.com', 'joshuasmith', 'Zg5^lV4x(', '2023-01-10 17:39:01');
INSERT INTO user_table (firstname, lastname, email, username, password, created_at) VALUES ('Olivia', 'Hunter', 'cramos@example.com', 'oconnoris', '79H9upGs#', '2023-01-28 15:53:05');
INSERT INTO user_table (firstname, lastname, email, username, password, created_at) VALUES ('Allison', 'Morris', 'kaitlyn27@example.net', 'jamesmann', 'm@4D_Cbw$e', '2023-02-19 00:50:47');
INSERT INTO user_table (firstname, lastname, email, username, password, created_at) VALUES ('Robert', 'Martin', 'cwright@example.net', 'christianfisher', 'n(5NIHn@Ai', '2023-05-05 07:41:26');
INSERT INTO user_table (firstname, lastname, email, username, password, created_at) VALUES ('Kimberly', 'Mckenzie', 'ramosbrooke@example.org', 'nmontgomery', '^35qCPdt@H', '2023-01-10 04:55:11');
INSERT INTO user_table (firstname, lastname, email, username, password, created_at) VALUES ('Terri', 'Sanchez', 'ibrown@example.org', 'romeroeri', '8Q8K0@qc_l', '2023-06-24 02:09:28');
INSERT INTO user_table (firstname, lastname, email, username, password, created_at) VALUES ('Austin', 'Simon', 'vickie93@example.com', 'christineval', 'BB2H3Ioz#B', '2023-02-12 04:14:45');
INSERT INTO user_table (firstname, lastname, email, username, password, created_at) VALUES ('Sarah', 'Jones', 'emoore@example.org', 'kelseygallegos', 'dWy*#JiE*', '2023-02-08 18:07:11');
INSERT INTO user_table (firstname, lastname, email, username, password, created_at) VALUES ('Taylor', 'Chavez', 'karen66@example.net', 'lowejoseph', '^51$)HYj!d', '2023-04-05 20:21:30');
INSERT INTO user_table (firstname, lastname, email, username, password, created_at) VALUES ('David', 'Kline', 'eric65@example.com', 'michelle34', 'o&0MShqbO', '2023-04-12 11:50:29');
INSERT INTO user_table (firstname, lastname, email, username, password, created_at) VALUES ('Kara', 'Middleton', 'kellimiller@example.org', 'blackburngeorg', 'sxDzV6T1j%', '2023-02-20 03:22:27');
INSERT INTO user_table (firstname, lastname, email, username, password, created_at) VALUES ('Matthew', 'Park', 'hardymelissa@example.net', 'wendybowman', 'D4KFE7Jtb*', '2023-03-20 21:45:44');
INSERT INTO user_table (firstname, lastname, email, username, password, created_at) VALUES ('John', 'Patel', 'christine26@example.net', 'riveraelizab', '*JKUC!)m1@', '2023-06-07 21:57:20');
INSERT INTO user_table (firstname, lastname, email, username, password, created_at) VALUES ('George', 'Jackson', 'jclark@example.com', 'kenneth25', '(Qfh7VsF#q', '2023-01-05 15:30:41');
INSERT INTO user_table (firstname, lastname, email, username, password, created_at) VALUES ('Aaron', 'Gomez', 'ianrice@example.org', 'woodthomas', '*IultVtP!3', '2023-05-18 05:16:06');
INSERT INTO user_table (firstname, lastname, email, username, password, created_at) VALUES ('Willie', 'Smith', 'xbradford@example.net', 'burnettje', 'U(Z8UYJlQK', '2023-01-22 08:25:33');
INSERT INTO user_table (firstname, lastname, email, username, password, created_at) VALUES ('Karen', 'Santiago', 'jamesmiranda@example.org', 'joshuafost', '&Ew+_0!d84', '2023-03-23 15:06:31');
INSERT INTO user_table (firstname, lastname, email, username, password, created_at) VALUES ('Howard', 'Little', 'smithjacqueline@example.org', 'hollygreen', 'w6TG+5VF%j', '2023-01-13 18:44:42');
INSERT INTO user_table (firstname, lastname, email, username, password, created_at) VALUES ('Edgar', 'Morrison', 'lramsey@example.org', 'jessicaadams', '*oTrThCRx3', '2023-06-04 19:00:20');
INSERT INTO user_table (firstname, lastname, email, username, password, created_at) VALUES ('Joel', 'Mays', 'hbriggs@example.net', 'harrisonmatt', 'x5M@8(IcbS', '2023-06-13 15:37:37');
INSERT INTO user_table (firstname, lastname, email, username, password, created_at) VALUES ('Joshua', 'Ramirez', 'tracie59@example.org', 'tyronebrown', ')U@%m%Tcy1', '2023-01-28 04:12:04');
INSERT INTO user_table (firstname, lastname, email, username, password, created_at) VALUES ('David', 'Arroyo', 'andreawalker@example.com', 'edwardsjenn', '*(%8mNrb2o', '2023-01-17 11:15:55');
INSERT INTO user_table (firstname, lastname, email, username, password, created_at) VALUES ('John', 'Mitchell', 'vlyons@example.com', 'bakerkendra', 'fN7Y%Mma$H', '2023-04-08 16:33:50');
INSERT INTO user_table (firstname, lastname, email, username, password, created_at) VALUES ('Alicia', 'Richards', 'brandon36@example.org', 'charlesholl', 'cO0RaO(!B$', '2023-06-25 16:50:08');
INSERT INTO user_table (firstname, lastname, email, username, password, created_at) VALUES ('Kathryn', 'Hamilton', 'tmoreno@example.net', 'ortizshei', '$UACfeak7e', '2023-06-19 05:11:51');
INSERT INTO user_table (firstname, lastname, email, username, password, created_at) VALUES ('Steven', 'Knapp', 'andrewmoore@example.org', 'melissa58', '_m2XQtGN1_', '2023-06-26 09:09:07');
INSERT INTO user_table (firstname, lastname, email, username, password, created_at) VALUES ('Daniel', 'Everett', 'ikaiser@example.org', 'hillmatthe', 'B2BkrhPn+k', '2023-04-17 09:47:49');
INSERT INTO user_table (firstname, lastname, email, username, password, created_at) VALUES ('Steven', 'Farrell', 'hawkinsrobert@example.org', 'williamsr', '3nhG0m7@%M', '2023-05-26 13:25:18');
INSERT INTO user_table (firstname, lastname, email, username, password, created_at) VALUES ('Cody', 'Mcclure', 'shelley02@example.org', 'michellejohnso', 'c490*Wx5#r', '2023-02-26 19:22:58');
INSERT INTO user_table (firstname, lastname, email, username, password, created_at) VALUES ('Heidi', 'Wallace', 'kelly12@example.com', 'mendozarenee', 'g4+KQTP3!c', '2023-01-26 12:13:02');
INSERT INTO user_table (firstname, lastname, email, username, password, created_at) VALUES ('Anthony', 'Jones', 'kristen46@example.com', 'wallerdoug', '_7WkXBjd!', '2023-03-10 09:36:14');
INSERT INTO user_table (firstname, lastname, email, username, password, created_at) VALUES ('Scott', 'Mckenzie', 'erichorton@example.net', 'charlesanne', '$S!E*3Zoxo', '2023-05-31 15:37:02');
INSERT INTO user_table (firstname, lastname, email, username, password, created_at) VALUES ('Deborah', 'Norman', 'torresjenna@example.org', 'evansjeffrey', 'a8L)Qrkj+H', '2023-06-29 16:45:45');
INSERT INTO user_table (firstname, lastname, email, username, password, created_at) VALUES ('Frank', 'Edwards', 'emilyhoward@example.org', 'nvelazque', '0y+xW1Mbr9', '2023-01-22 05:22:43');
INSERT INTO user_table (firstname, lastname, email, username, password, created_at) VALUES ('Kelly', 'Barron', 'jerry04@example.com', 'jerryprice', 'd_0Jbp(sZ!', '2023-02-11 16:50:54');
INSERT INTO user_table (firstname, lastname, email, username, password, created_at) VALUES ('Eric', 'Quinn', 'owenscourtney@example.net', 'brownchrist', 's5wLm2lv%(', '2023-02-11 10:45:15');
INSERT INTO user_table (firstname, lastname, email, username, password, created_at) VALUES ('Cody', 'Kelly', 'ybyrd@example.com', 'higginsdav', '$sQt88_bG7', '2023-01-16 10:34:04');
INSERT INTO user_table (firstname, lastname, email, username, password, created_at) VALUES ('Eric', 'Scott', 'milleramy@example.net', 'ddavidson', '0no3EFeAu(', '2023-05-03 22:23:31');
INSERT INTO user_table (firstname, lastname, email, username, password, created_at) VALUES ('Jacqueline', 'Wagner', 'murphywalter@example.org', 'hendersontra', '@r9Vh@C3+', '2023-04-07 20:55:50');
INSERT INTO user_table (firstname, lastname, email, username, password, created_at) VALUES ('Denise', 'Ochoa', 'butlerrobert@example.net', 'thompsoncar', 'V8^hPe7b!2', '2023-06-29 10:42:10');
INSERT INTO user_table (firstname, lastname, email, username, password, created_at) VALUES ('Michael', 'Snow', 'shawngilmore@example.com', 'wallaceanthony', '&)L6r^Kas&', '2023-01-01 20:15:03');
INSERT INTO user_table (firstname, lastname, email, username, password, created_at) VALUES ('Stephen', 'Mueller', 'rcox@example.org', 'christopherberg', 'M64&)c+K&k', '2023-02-13 06:18:49');
INSERT INTO user_table (firstname, lastname, email, username, password, created_at) VALUES ('Patrick', 'Porter', 'bwhitaker@example.org', 'hessmichael', '!JFS$EBx(9', '2023-02-14 20:57:36');
INSERT INTO user_table (firstname, lastname, email, username, password, created_at) VALUES ('John', 'Sweeney', 'david74@example.net', 'lewisjennifer', 'K#5K@Cd(%4', '2023-03-14 00:24:32');
INSERT INTO user_table (firstname, lastname, email, username, password, created_at) VALUES ('Martha', 'Roberts', 'adamjefferson@example.com', 'qgonzalez', 'H0UC0xES*S', '2023-06-07 09:36:58');
INSERT INTO user_table (firstname, lastname, email, username, password, created_at) VALUES ('Mitchell', 'Hart', 'trevor91@example.org', 'johnsoncy', 'p2iq8KeI*o', '2023-06-03 02:15:19');
INSERT INTO user_table (firstname, lastname, email, username, password, created_at) VALUES ('Tyler', 'Serrano', 'cassandra21@example.org', 'lisapowell', '$9CD(KIxjD', '2023-06-01 01:35:29');
INSERT INTO user_table (firstname, lastname, email, username, password, created_at) VALUES ('Joseph', 'Morrison', 'ebarnes@example.net', 'henryelizabe', '#7bTP(lYg', '2023-06-18 00:14:06');
INSERT INTO user_email_verification (user_id, verified_at) VALUES (1, '2023-06-10 09:32:22');
INSERT INTO user_email_verification (user_id, verified_at) VALUES (2, '2023-02-11 08:04:14');
INSERT INTO user_email_verification (user_id, verified_at) VALUES (3, '2023-06-20 17:19:01');
INSERT INTO user_email_verification (user_id, verified_at) VALUES (4, '2023-01-20 08:00:41');
INSERT INTO user_email_verification (user_id, verified_at) VALUES (5, '2023-06-03 05:45:51');
INSERT INTO user_email_verification (user_id, verified_at) VALUES (6, '2023-02-18 13:20:16');
INSERT INTO user_email_verification (user_id, verified_at) VALUES (7, '2023-01-22 18:06:31');
INSERT INTO user_email_verification (user_id, verified_at) VALUES (8, '2023-06-06 06:44:56');
INSERT INTO user_email_verification (user_id, verified_at) VALUES (9, '2023-01-27 15:26:34');
INSERT INTO user_email_verification (user_id, verified_at) VALUES (10, '2023-01-27 17:47:56');
INSERT INTO user_email_verification (user_id, verified_at) VALUES (11, '2023-05-29 08:27:30');
INSERT INTO user_email_verification (user_id, verified_at) VALUES (12, '2023-06-30 04:43:29');
INSERT INTO user_email_verification (user_id, verified_at) VALUES (13, '2023-04-20 21:58:56');
INSERT INTO user_email_verification (user_id, verified_at) VALUES (14, '2023-01-30 08:44:36');
INSERT INTO user_email_verification (user_id, verified_at) VALUES (15, '2023-01-06 15:01:24');
INSERT INTO user_email_verification (user_id, verified_at) VALUES (16, '2023-04-17 13:26:28');
INSERT INTO user_email_verification (user_id, verified_at) VALUES (17, '2023-04-27 09:14:36');
INSERT INTO user_email_verification (user_id, verified_at) VALUES (18, '2023-04-24 02:38:23');
INSERT INTO user_email_verification (user_id, verified_at) VALUES (19, '2023-02-17 16:33:43');
INSERT INTO user_email_verification (user_id, verified_at) VALUES (20, '2023-05-22 10:33:43');
INSERT INTO user_email_verification (user_id, verified_at) VALUES (21, '2023-02-11 05:44:22');
INSERT INTO user_email_verification (user_id, verified_at) VALUES (22, '2023-01-20 22:45:45');
INSERT INTO user_email_verification (user_id, verified_at) VALUES (23, '2023-03-17 00:45:41');
INSERT INTO user_email_verification (user_id, verified_at) VALUES (24, '2023-01-21 16:26:30');
INSERT INTO user_email_verification (user_id, verified_at) VALUES (25, '2023-05-02 02:54:21');
INSERT INTO user_email_verification (user_id, verified_at) VALUES (26, '2023-05-17 08:39:15');
INSERT INTO user_email_verification (user_id, verified_at) VALUES (27, '2023-03-05 04:05:05');
INSERT INTO user_email_verification (user_id, verified_at) VALUES (28, '2023-03-25 04:52:25');
INSERT INTO user_email_verification (user_id, verified_at) VALUES (29, '2023-02-12 13:04:28');
INSERT INTO user_email_verification (user_id, verified_at) VALUES (30, '2023-06-29 12:50:03');
INSERT INTO user_email_verification (user_id, verified_at) VALUES (31, '2023-01-05 13:42:52');
INSERT INTO user_email_verification (user_id, verified_at) VALUES (32, '2023-04-04 09:30:04');
INSERT INTO user_email_verification (user_id, verified_at) VALUES (33, '2023-04-21 15:38:34');
INSERT INTO user_email_verification (user_id, verified_at) VALUES (34, '2023-02-16 08:35:27');
INSERT INTO user_email_verification (user_id, verified_at) VALUES (35, '2023-01-11 13:46:34');
INSERT INTO user_email_verification (user_id, verified_at) VALUES (36, '2023-03-09 15:49:16');
INSERT INTO user_email_verification (user_id, verified_at) VALUES (37, '2023-06-11 00:13:11');
INSERT INTO user_email_verification (user_id, verified_at) VALUES (38, '2023-02-11 20:28:04');
INSERT INTO user_email_verification (user_id, verified_at) VALUES (39, '2023-03-03 10:04:36');
INSERT INTO user_email_verification (user_id, verified_at) VALUES (40, '2023-01-21 01:34:31');
INSERT INTO user_email_verification (user_id, verified_at) VALUES (41, '2023-01-10 22:10:56');
INSERT INTO user_email_verification (user_id, verified_at) VALUES (42, '2023-06-02 22:48:15');
INSERT INTO user_email_verification (user_id, verified_at) VALUES (43, '2023-05-12 23:12:34');
INSERT INTO user_email_verification (user_id, verified_at) VALUES (44, '2023-02-14 07:46:48');
INSERT INTO user_email_verification (user_id, verified_at) VALUES (45, '2023-01-26 00:34:07');
INSERT INTO user_email_verification (user_id, verified_at) VALUES (46, '2023-03-31 18:00:17');
INSERT INTO user_email_verification (user_id, verified_at) VALUES (47, '2023-06-30 19:33:31');
INSERT INTO user_email_verification (user_id, verified_at) VALUES (48, '2023-02-05 18:48:25');
INSERT INTO user_email_verification (user_id, verified_at) VALUES (49, '2023-03-17 01:36:40');
INSERT INTO user_email_verification (user_id, verified_at) VALUES (50, '2023-03-14 17:31:21');
INSERT INTO user_email_verification (user_id, verified_at) VALUES (51, '2023-03-04 20:20:41');
INSERT INTO user_email_verification (user_id, verified_at) VALUES (52, '2023-05-07 00:50:00');
INSERT INTO user_email_verification (user_id, verified_at) VALUES (53, '2023-02-20 06:59:17');
INSERT INTO user_email_verification (user_id, verified_at) VALUES (54, '2023-03-14 20:50:38');
INSERT INTO user_email_verification (user_id, verified_at) VALUES (55, '2023-01-18 14:37:02');
INSERT INTO user_email_verification (user_id, verified_at) VALUES (56, '2023-01-30 12:52:55');
INSERT INTO user_email_verification (user_id, verified_at) VALUES (57, '2023-05-18 16:48:50');
INSERT INTO user_email_verification (user_id, verified_at) VALUES (58, '2023-02-14 14:29:11');
INSERT INTO user_email_verification (user_id, verified_at) VALUES (59, '2023-05-24 08:21:01');
INSERT INTO user_email_verification (user_id, verified_at) VALUES (60, '2023-06-16 02:28:03');
INSERT INTO user_email_verification (user_id, verified_at) VALUES (61, '2023-03-21 04:11:16');
INSERT INTO user_email_verification (user_id, verified_at) VALUES (62, '2023-02-15 09:33:43');
INSERT INTO user_email_verification (user_id, verified_at) VALUES (63, '2023-05-04 23:29:52');
INSERT INTO user_email_verification (user_id, verified_at) VALUES (64, '2023-06-07 04:14:56');
INSERT INTO user_email_verification (user_id, verified_at) VALUES (65, '2023-01-18 13:02:12');
INSERT INTO user_email_verification (user_id, verified_at) VALUES (66, '2023-05-17 12:09:06');
INSERT INTO user_email_verification (user_id, verified_at) VALUES (67, '2023-05-20 10:34:29');
INSERT INTO user_email_verification (user_id, verified_at) VALUES (68, '2023-02-10 09:53:48');
INSERT INTO user_email_verification (user_id, verified_at) VALUES (69, '2023-05-17 21:04:43');
INSERT INTO user_email_verification (user_id, verified_at) VALUES (70, '2023-04-18 12:57:33');
INSERT INTO user_email_verification (user_id, verified_at) VALUES (71, '2023-03-10 06:44:48');
INSERT INTO user_email_verification (user_id, verified_at) VALUES (72, '2023-02-19 09:16:35');
INSERT INTO user_email_verification (user_id, verified_at) VALUES (73, '2023-05-19 13:48:53');
INSERT INTO user_email_verification (user_id, verified_at) VALUES (74, '2023-06-30 15:31:36');
INSERT INTO user_email_verification (user_id, verified_at) VALUES (75, '2023-05-08 12:32:32');
INSERT INTO user_email_verification (user_id, verified_at) VALUES (76, '2023-02-23 07:25:34');
INSERT INTO user_email_verification (user_id, verified_at) VALUES (77, '2023-06-06 02:39:45');
INSERT INTO user_email_verification (user_id, verified_at) VALUES (78, '2023-06-04 14:49:51');
INSERT INTO user_email_verification (user_id, verified_at) VALUES (79, '2023-05-30 09:48:07');
INSERT INTO user_email_verification (user_id, verified_at) VALUES (80, '2023-04-30 07:08:35');
INSERT INTO user_email_verification (user_id, verified_at) VALUES (81, '2023-01-15 05:05:26');
INSERT INTO user_email_verification (user_id, verified_at) VALUES (82, '2023-02-09 17:49:36');
INSERT INTO user_email_verification (user_id, verified_at) VALUES (83, '2023-01-20 05:57:16');
INSERT INTO user_email_verification (user_id, verified_at) VALUES (84, '2023-01-06 01:16:02');
INSERT INTO user_email_verification (user_id, verified_at) VALUES (85, '2023-03-02 06:39:20');
INSERT INTO session_table (user_id, connected_at) VALUES (1, '2023-03-10 01:27:10');
INSERT INTO session_table (user_id, connected_at) VALUES (1, '2023-02-12 00:30:44');
INSERT INTO session_table (user_id, connected_at) VALUES (1, '2023-06-06 07:18:45');
INSERT INTO session_table (user_id, connected_at) VALUES (1, '2023-03-15 03:42:46');
INSERT INTO session_table (user_id, connected_at) VALUES (1, '2023-03-29 19:32:42');
INSERT INTO session_table (user_id, connected_at) VALUES (1, '2023-02-05 07:32:39');
INSERT INTO session_table (user_id, connected_at) VALUES (1, '2023-01-23 04:49:17');
INSERT INTO session_table (user_id, connected_at) VALUES (1, '2023-04-08 16:23:14');
INSERT INTO session_table (user_id, connected_at) VALUES (1, '2023-01-06 05:14:42');
INSERT INTO session_table (user_id, connected_at) VALUES (1, '2023-01-18 12:46:34');
INSERT INTO session_table (user_id, connected_at) VALUES (2, '2023-03-03 01:19:56');
INSERT INTO session_table (user_id, connected_at) VALUES (2, '2023-06-23 05:37:44');
INSERT INTO session_table (user_id, connected_at) VALUES (2, '2023-02-28 09:01:16');
INSERT INTO session_table (user_id, connected_at) VALUES (2, '2023-02-25 06:50:12');
INSERT INTO session_table (user_id, connected_at) VALUES (2, '2023-03-01 07:27:30');
INSERT INTO session_table (user_id, connected_at) VALUES (2, '2023-02-22 15:02:33');
INSERT INTO session_table (user_id, connected_at) VALUES (2, '2023-03-26 17:25:01');
INSERT INTO session_table (user_id, connected_at) VALUES (2, '2023-03-06 19:05:20');
INSERT INTO session_table (user_id, connected_at) VALUES (2, '2023-05-01 22:51:09');
INSERT INTO session_table (user_id, connected_at) VALUES (2, '2023-04-11 10:48:59');
INSERT INTO session_table (user_id, connected_at) VALUES (3, '2023-03-29 10:07:43');
INSERT INTO session_table (user_id, connected_at) VALUES (3, '2023-05-29 10:59:03');
INSERT INTO session_table (user_id, connected_at) VALUES (3, '2023-04-08 05:18:06');
INSERT INTO session_table (user_id, connected_at) VALUES (3, '2023-01-25 03:29:22');
INSERT INTO session_table (user_id, connected_at) VALUES (3, '2023-06-21 07:37:58');
INSERT INTO session_table (user_id, connected_at) VALUES (3, '2023-05-01 15:54:50');
INSERT INTO session_table (user_id, connected_at) VALUES (3, '2023-04-12 16:26:02');
INSERT INTO session_table (user_id, connected_at) VALUES (3, '2023-06-15 11:35:06');
INSERT INTO session_table (user_id, connected_at) VALUES (3, '2023-02-26 16:52:44');
INSERT INTO session_table (user_id, connected_at) VALUES (3, '2023-05-26 16:00:56');
INSERT INTO session_table (user_id, connected_at) VALUES (4, '2023-02-20 04:43:08');
INSERT INTO session_table (user_id, connected_at) VALUES (4, '2023-06-29 05:40:37');
INSERT INTO session_table (user_id, connected_at) VALUES (4, '2023-03-09 22:53:06');
INSERT INTO session_table (user_id, connected_at) VALUES (4, '2023-06-27 21:19:18');
INSERT INTO session_table (user_id, connected_at) VALUES (4, '2023-01-01 03:20:14');
INSERT INTO session_table (user_id, connected_at) VALUES (4, '2023-06-26 23:49:55');
INSERT INTO session_table (user_id, connected_at) VALUES (4, '2023-01-28 13:07:28');
INSERT INTO session_table (user_id, connected_at) VALUES (4, '2023-01-01 18:04:58');
INSERT INTO session_table (user_id, connected_at) VALUES (4, '2023-06-14 04:43:46');
INSERT INTO session_table (user_id, connected_at) VALUES (4, '2023-04-30 21:58:12');
INSERT INTO session_table (user_id, connected_at) VALUES (5, '2023-02-15 20:54:41');
INSERT INTO session_table (user_id, connected_at) VALUES (5, '2023-03-28 10:43:52');
INSERT INTO session_table (user_id, connected_at) VALUES (5, '2023-05-06 17:07:16');
INSERT INTO session_table (user_id, connected_at) VALUES (5, '2023-04-24 02:50:27');
INSERT INTO session_table (user_id, connected_at) VALUES (5, '2023-03-28 23:46:38');
INSERT INTO session_table (user_id, connected_at) VALUES (5, '2023-05-11 19:26:34');
INSERT INTO session_table (user_id, connected_at) VALUES (5, '2023-01-31 16:46:34');
INSERT INTO session_table (user_id, connected_at) VALUES (5, '2023-05-12 10:25:43');
INSERT INTO session_table (user_id, connected_at) VALUES (5, '2023-02-11 13:01:08');
INSERT INTO session_table (user_id, connected_at) VALUES (5, '2023-01-24 00:45:59');
INSERT INTO session_table (user_id, connected_at) VALUES (6, '2023-01-18 08:06:04');
INSERT INTO session_table (user_id, connected_at) VALUES (6, '2023-05-19 13:50:05');
INSERT INTO session_table (user_id, connected_at) VALUES (6, '2023-03-15 00:31:00');
INSERT INTO session_table (user_id, connected_at) VALUES (6, '2023-05-16 15:26:27');
INSERT INTO session_table (user_id, connected_at) VALUES (6, '2023-06-20 12:13:36');
INSERT INTO session_table (user_id, connected_at) VALUES (6, '2023-03-03 18:51:40');
INSERT INTO session_table (user_id, connected_at) VALUES (6, '2023-06-05 14:51:40');
INSERT INTO session_table (user_id, connected_at) VALUES (6, '2023-06-24 10:42:18');
INSERT INTO session_table (user_id, connected_at) VALUES (6, '2023-03-14 00:54:19');
INSERT INTO session_table (user_id, connected_at) VALUES (6, '2023-05-28 14:39:21');
INSERT INTO session_table (user_id, connected_at) VALUES (7, '2023-03-19 18:42:44');
INSERT INTO session_table (user_id, connected_at) VALUES (7, '2023-01-11 08:08:30');
INSERT INTO session_table (user_id, connected_at) VALUES (7, '2023-05-23 17:30:58');
INSERT INTO session_table (user_id, connected_at) VALUES (7, '2023-03-31 06:57:09');
INSERT INTO session_table (user_id, connected_at) VALUES (7, '2023-03-02 08:39:49');
INSERT INTO session_table (user_id, connected_at) VALUES (7, '2023-03-02 23:56:52');
INSERT INTO session_table (user_id, connected_at) VALUES (7, '2023-01-08 18:33:38');
INSERT INTO session_table (user_id, connected_at) VALUES (7, '2023-05-03 05:11:57');
INSERT INTO session_table (user_id, connected_at) VALUES (7, '2023-06-25 13:35:11');
INSERT INTO session_table (user_id, connected_at) VALUES (7, '2023-03-15 08:29:10');
INSERT INTO session_table (user_id, connected_at) VALUES (8, '2023-06-11 23:28:30');
INSERT INTO session_table (user_id, connected_at) VALUES (8, '2023-02-14 06:24:49');
INSERT INTO session_table (user_id, connected_at) VALUES (8, '2023-04-23 17:32:55');
INSERT INTO session_table (user_id, connected_at) VALUES (8, '2023-02-22 16:18:06');
INSERT INTO session_table (user_id, connected_at) VALUES (8, '2023-03-11 22:47:21');
INSERT INTO session_table (user_id, connected_at) VALUES (8, '2023-06-27 04:45:58');
INSERT INTO session_table (user_id, connected_at) VALUES (8, '2023-05-14 01:18:14');
INSERT INTO session_table (user_id, connected_at) VALUES (8, '2023-05-10 11:19:45');
INSERT INTO session_table (user_id, connected_at) VALUES (8, '2023-03-09 04:48:34');
INSERT INTO session_table (user_id, connected_at) VALUES (8, '2023-04-21 07:03:55');
INSERT INTO session_table (user_id, connected_at) VALUES (9, '2023-05-20 04:21:54');
INSERT INTO session_table (user_id, connected_at) VALUES (9, '2023-04-18 14:04:47');
INSERT INTO session_table (user_id, connected_at) VALUES (9, '2023-03-25 20:37:24');
INSERT INTO session_table (user_id, connected_at) VALUES (9, '2023-03-24 20:03:57');
INSERT INTO session_table (user_id, connected_at) VALUES (9, '2023-02-08 18:22:59');
INSERT INTO session_table (user_id, connected_at) VALUES (9, '2023-01-04 02:45:21');
INSERT INTO session_table (user_id, connected_at) VALUES (9, '2023-03-21 10:32:23');
INSERT INTO session_table (user_id, connected_at) VALUES (9, '2023-01-26 14:06:42');
INSERT INTO session_table (user_id, connected_at) VALUES (9, '2023-04-10 16:00:32');
INSERT INTO session_table (user_id, connected_at) VALUES (9, '2023-02-23 19:14:43');
INSERT INTO session_table (user_id, connected_at) VALUES (10, '2023-03-13 01:25:13');
INSERT INTO session_table (user_id, connected_at) VALUES (10, '2023-05-06 11:49:59');
INSERT INTO session_table (user_id, connected_at) VALUES (10, '2023-01-23 00:32:56');
INSERT INTO session_table (user_id, connected_at) VALUES (10, '2023-03-27 03:40:26');
INSERT INTO session_table (user_id, connected_at) VALUES (10, '2023-02-27 12:51:00');
INSERT INTO session_table (user_id, connected_at) VALUES (10, '2023-01-19 15:32:54');
INSERT INTO session_table (user_id, connected_at) VALUES (10, '2023-03-31 02:36:04');
INSERT INTO session_table (user_id, connected_at) VALUES (10, '2023-04-08 07:28:11');
INSERT INTO session_table (user_id, connected_at) VALUES (10, '2023-02-26 22:18:58');
INSERT INTO session_table (user_id, connected_at) VALUES (10, '2023-01-12 10:59:17');
INSERT INTO session_table (user_id, connected_at) VALUES (11, '2023-04-28 12:30:28');
INSERT INTO session_table (user_id, connected_at) VALUES (11, '2023-04-23 22:20:56');
INSERT INTO session_table (user_id, connected_at) VALUES (11, '2023-02-18 11:14:52');
INSERT INTO session_table (user_id, connected_at) VALUES (11, '2023-01-14 12:52:50');
INSERT INTO session_table (user_id, connected_at) VALUES (11, '2023-05-09 03:24:24');
INSERT INTO session_table (user_id, connected_at) VALUES (11, '2023-03-23 12:43:29');
INSERT INTO session_table (user_id, connected_at) VALUES (11, '2023-06-07 23:54:39');
INSERT INTO session_table (user_id, connected_at) VALUES (11, '2023-04-21 22:33:40');
INSERT INTO session_table (user_id, connected_at) VALUES (11, '2023-03-30 10:11:29');
INSERT INTO session_table (user_id, connected_at) VALUES (11, '2023-04-09 03:38:34');
INSERT INTO session_table (user_id, connected_at) VALUES (12, '2023-04-12 15:29:16');
INSERT INTO session_table (user_id, connected_at) VALUES (12, '2023-04-10 23:44:24');
INSERT INTO session_table (user_id, connected_at) VALUES (12, '2023-05-28 01:01:44');
INSERT INTO session_table (user_id, connected_at) VALUES (12, '2023-06-22 09:17:49');
INSERT INTO session_table (user_id, connected_at) VALUES (12, '2023-03-15 18:38:23');
INSERT INTO session_table (user_id, connected_at) VALUES (12, '2023-01-24 17:40:53');
INSERT INTO session_table (user_id, connected_at) VALUES (12, '2023-05-10 08:10:27');
INSERT INTO session_table (user_id, connected_at) VALUES (12, '2023-01-16 17:49:00');
INSERT INTO session_table (user_id, connected_at) VALUES (12, '2023-06-23 01:03:15');
INSERT INTO session_table (user_id, connected_at) VALUES (12, '2023-02-27 16:09:03');
INSERT INTO session_table (user_id, connected_at) VALUES (13, '2023-06-10 02:58:55');
INSERT INTO session_table (user_id, connected_at) VALUES (13, '2023-01-23 14:39:03');
INSERT INTO session_table (user_id, connected_at) VALUES (13, '2023-01-20 05:17:27');
INSERT INTO session_table (user_id, connected_at) VALUES (13, '2023-04-20 06:39:37');
INSERT INTO session_table (user_id, connected_at) VALUES (13, '2023-02-07 11:08:52');
INSERT INTO session_table (user_id, connected_at) VALUES (13, '2023-05-26 09:36:09');
INSERT INTO session_table (user_id, connected_at) VALUES (13, '2023-03-13 02:55:58');
INSERT INTO session_table (user_id, connected_at) VALUES (13, '2023-03-30 08:53:40');
INSERT INTO session_table (user_id, connected_at) VALUES (13, '2023-04-27 14:04:37');
INSERT INTO session_table (user_id, connected_at) VALUES (13, '2023-06-18 12:24:30');
INSERT INTO session_table (user_id, connected_at) VALUES (14, '2023-02-18 13:41:21');
INSERT INTO session_table (user_id, connected_at) VALUES (14, '2023-05-17 11:25:30');
INSERT INTO session_table (user_id, connected_at) VALUES (14, '2023-03-17 18:52:51');
INSERT INTO session_table (user_id, connected_at) VALUES (14, '2023-04-08 20:13:57');
INSERT INTO session_table (user_id, connected_at) VALUES (14, '2023-01-01 00:01:44');
INSERT INTO session_table (user_id, connected_at) VALUES (14, '2023-02-20 17:29:32');
INSERT INTO session_table (user_id, connected_at) VALUES (14, '2023-01-10 15:04:06');
INSERT INTO session_table (user_id, connected_at) VALUES (14, '2023-03-14 09:45:06');
INSERT INTO session_table (user_id, connected_at) VALUES (14, '2023-04-07 17:47:10');
INSERT INTO session_table (user_id, connected_at) VALUES (14, '2023-03-12 11:03:00');
INSERT INTO session_table (user_id, connected_at) VALUES (15, '2023-05-09 22:22:47');
INSERT INTO session_table (user_id, connected_at) VALUES (15, '2023-02-26 20:21:16');
INSERT INTO session_table (user_id, connected_at) VALUES (15, '2023-06-03 13:41:58');
INSERT INTO session_table (user_id, connected_at) VALUES (15, '2023-05-03 19:03:40');
INSERT INTO session_table (user_id, connected_at) VALUES (15, '2023-02-11 03:06:58');
INSERT INTO session_table (user_id, connected_at) VALUES (15, '2023-02-22 02:45:29');
INSERT INTO session_table (user_id, connected_at) VALUES (15, '2023-04-21 12:24:02');
INSERT INTO session_table (user_id, connected_at) VALUES (15, '2023-05-28 23:47:00');
INSERT INTO session_table (user_id, connected_at) VALUES (15, '2023-01-17 00:25:09');
INSERT INTO session_table (user_id, connected_at) VALUES (15, '2023-05-13 17:39:37');
INSERT INTO session_table (user_id, connected_at) VALUES (16, '2023-03-25 08:32:39');
INSERT INTO session_table (user_id, connected_at) VALUES (16, '2023-05-07 02:13:47');
INSERT INTO session_table (user_id, connected_at) VALUES (16, '2023-06-08 21:10:23');
INSERT INTO session_table (user_id, connected_at) VALUES (16, '2023-06-02 19:19:01');
INSERT INTO session_table (user_id, connected_at) VALUES (16, '2023-05-02 02:57:31');
INSERT INTO session_table (user_id, connected_at) VALUES (16, '2023-02-27 14:03:12');
INSERT INTO session_table (user_id, connected_at) VALUES (16, '2023-06-19 16:14:05');
INSERT INTO session_table (user_id, connected_at) VALUES (16, '2023-02-28 13:28:40');
INSERT INTO session_table (user_id, connected_at) VALUES (16, '2023-05-09 11:34:40');
INSERT INTO session_table (user_id, connected_at) VALUES (16, '2023-06-01 00:16:16');
INSERT INTO session_table (user_id, connected_at) VALUES (17, '2023-04-08 22:18:15');
INSERT INTO session_table (user_id, connected_at) VALUES (17, '2023-03-15 18:30:56');
INSERT INTO session_table (user_id, connected_at) VALUES (17, '2023-05-21 06:49:04');
INSERT INTO session_table (user_id, connected_at) VALUES (17, '2023-03-05 17:53:46');
INSERT INTO session_table (user_id, connected_at) VALUES (17, '2023-05-21 10:18:05');
INSERT INTO session_table (user_id, connected_at) VALUES (17, '2023-03-18 08:48:58');
INSERT INTO session_table (user_id, connected_at) VALUES (17, '2023-04-02 01:42:21');
INSERT INTO session_table (user_id, connected_at) VALUES (17, '2023-02-10 04:10:03');
INSERT INTO session_table (user_id, connected_at) VALUES (17, '2023-05-14 09:43:54');
INSERT INTO session_table (user_id, connected_at) VALUES (17, '2023-05-03 12:17:14');
INSERT INTO session_table (user_id, connected_at) VALUES (18, '2023-04-04 00:47:08');
INSERT INTO session_table (user_id, connected_at) VALUES (18, '2023-03-24 03:27:49');
INSERT INTO session_table (user_id, connected_at) VALUES (18, '2023-03-22 16:17:18');
INSERT INTO session_table (user_id, connected_at) VALUES (18, '2023-01-09 21:42:52');
INSERT INTO session_table (user_id, connected_at) VALUES (18, '2023-02-25 02:04:40');
INSERT INTO session_table (user_id, connected_at) VALUES (18, '2023-04-12 14:50:37');
INSERT INTO session_table (user_id, connected_at) VALUES (18, '2023-04-14 22:33:08');
INSERT INTO session_table (user_id, connected_at) VALUES (18, '2023-03-22 12:36:39');
INSERT INTO session_table (user_id, connected_at) VALUES (18, '2023-01-20 21:32:22');
INSERT INTO session_table (user_id, connected_at) VALUES (18, '2023-02-02 07:35:03');
INSERT INTO session_table (user_id, connected_at) VALUES (19, '2023-05-09 21:56:07');
INSERT INTO session_table (user_id, connected_at) VALUES (19, '2023-06-27 08:45:26');
INSERT INTO session_table (user_id, connected_at) VALUES (19, '2023-02-17 12:20:20');
INSERT INTO session_table (user_id, connected_at) VALUES (19, '2023-06-30 04:10:17');
INSERT INTO session_table (user_id, connected_at) VALUES (19, '2023-05-23 18:39:02');
INSERT INTO session_table (user_id, connected_at) VALUES (19, '2023-01-20 22:32:49');
INSERT INTO session_table (user_id, connected_at) VALUES (19, '2023-06-01 15:20:09');
INSERT INTO session_table (user_id, connected_at) VALUES (19, '2023-05-11 18:26:01');
INSERT INTO session_table (user_id, connected_at) VALUES (19, '2023-01-08 17:04:39');
INSERT INTO session_table (user_id, connected_at) VALUES (19, '2023-06-22 17:35:20');
INSERT INTO session_table (user_id, connected_at) VALUES (20, '2023-05-23 13:34:31');
INSERT INTO session_table (user_id, connected_at) VALUES (20, '2023-03-01 00:41:16');
INSERT INTO session_table (user_id, connected_at) VALUES (20, '2023-01-31 00:10:20');
INSERT INTO session_table (user_id, connected_at) VALUES (20, '2023-04-26 12:48:46');
INSERT INTO session_table (user_id, connected_at) VALUES (20, '2023-03-28 05:44:56');
INSERT INTO session_table (user_id, connected_at) VALUES (20, '2023-03-06 07:47:25');
INSERT INTO session_table (user_id, connected_at) VALUES (20, '2023-06-09 17:08:23');
INSERT INTO session_table (user_id, connected_at) VALUES (20, '2023-01-08 16:21:02');
INSERT INTO session_table (user_id, connected_at) VALUES (20, '2023-04-30 11:33:49');
INSERT INTO session_table (user_id, connected_at) VALUES (20, '2023-01-06 08:50:06');
INSERT INTO session_table (user_id, connected_at) VALUES (21, '2023-03-26 06:33:26');
INSERT INTO session_table (user_id, connected_at) VALUES (21, '2023-04-29 20:25:22');
INSERT INTO session_table (user_id, connected_at) VALUES (21, '2023-01-22 04:22:10');
INSERT INTO session_table (user_id, connected_at) VALUES (21, '2023-06-15 14:22:54');
INSERT INTO session_table (user_id, connected_at) VALUES (21, '2023-01-30 18:00:21');
INSERT INTO session_table (user_id, connected_at) VALUES (21, '2023-04-10 12:34:05');
INSERT INTO session_table (user_id, connected_at) VALUES (21, '2023-06-16 08:08:32');
INSERT INTO session_table (user_id, connected_at) VALUES (21, '2023-05-14 08:09:30');
INSERT INTO session_table (user_id, connected_at) VALUES (21, '2023-03-30 11:58:50');
INSERT INTO session_table (user_id, connected_at) VALUES (21, '2023-02-16 22:31:06');
INSERT INTO session_table (user_id, connected_at) VALUES (22, '2023-06-17 09:33:58');
INSERT INTO session_table (user_id, connected_at) VALUES (22, '2023-04-05 04:09:08');
INSERT INTO session_table (user_id, connected_at) VALUES (22, '2023-05-29 15:50:56');
INSERT INTO session_table (user_id, connected_at) VALUES (22, '2023-06-16 04:50:32');
INSERT INTO session_table (user_id, connected_at) VALUES (22, '2023-06-19 08:47:26');
INSERT INTO session_table (user_id, connected_at) VALUES (22, '2023-04-23 21:30:39');
INSERT INTO session_table (user_id, connected_at) VALUES (22, '2023-03-17 19:33:20');
INSERT INTO session_table (user_id, connected_at) VALUES (22, '2023-04-30 05:47:29');
INSERT INTO session_table (user_id, connected_at) VALUES (22, '2023-06-21 12:48:14');
INSERT INTO session_table (user_id, connected_at) VALUES (22, '2023-01-25 00:45:59');
INSERT INTO session_table (user_id, connected_at) VALUES (23, '2023-05-03 11:53:27');
INSERT INTO session_table (user_id, connected_at) VALUES (23, '2023-01-31 15:49:31');
INSERT INTO session_table (user_id, connected_at) VALUES (23, '2023-05-13 08:33:46');
INSERT INTO session_table (user_id, connected_at) VALUES (23, '2023-06-13 02:54:53');
INSERT INTO session_table (user_id, connected_at) VALUES (23, '2023-04-02 10:57:20');
INSERT INTO session_table (user_id, connected_at) VALUES (23, '2023-06-17 16:13:16');
INSERT INTO session_table (user_id, connected_at) VALUES (23, '2023-02-08 21:20:53');
INSERT INTO session_table (user_id, connected_at) VALUES (23, '2023-05-22 12:20:38');
INSERT INTO session_table (user_id, connected_at) VALUES (23, '2023-05-30 00:53:39');
INSERT INTO session_table (user_id, connected_at) VALUES (23, '2023-04-11 09:36:58');
INSERT INTO session_table (user_id, connected_at) VALUES (24, '2023-05-19 12:00:39');
INSERT INTO session_table (user_id, connected_at) VALUES (24, '2023-01-12 06:41:54');
INSERT INTO session_table (user_id, connected_at) VALUES (24, '2023-02-08 04:19:16');
INSERT INTO session_table (user_id, connected_at) VALUES (24, '2023-06-21 06:58:13');
INSERT INTO session_table (user_id, connected_at) VALUES (24, '2023-05-31 04:03:31');
INSERT INTO session_table (user_id, connected_at) VALUES (24, '2023-05-26 15:45:55');
INSERT INTO session_table (user_id, connected_at) VALUES (24, '2023-01-31 04:14:44');
INSERT INTO session_table (user_id, connected_at) VALUES (24, '2023-05-26 19:44:38');
INSERT INTO session_table (user_id, connected_at) VALUES (24, '2023-03-29 20:06:40');
INSERT INTO session_table (user_id, connected_at) VALUES (24, '2023-04-14 19:58:53');
INSERT INTO session_table (user_id, connected_at) VALUES (25, '2023-06-14 00:03:08');
INSERT INTO session_table (user_id, connected_at) VALUES (25, '2023-06-17 17:56:42');
INSERT INTO session_table (user_id, connected_at) VALUES (25, '2023-05-23 22:17:24');
INSERT INTO session_table (user_id, connected_at) VALUES (25, '2023-02-03 05:58:41');
INSERT INTO session_table (user_id, connected_at) VALUES (25, '2023-05-28 22:38:15');
INSERT INTO session_table (user_id, connected_at) VALUES (25, '2023-06-07 05:29:34');
INSERT INTO session_table (user_id, connected_at) VALUES (25, '2023-02-15 12:48:11');
INSERT INTO session_table (user_id, connected_at) VALUES (25, '2023-04-21 13:29:55');
INSERT INTO session_table (user_id, connected_at) VALUES (25, '2023-04-16 07:55:50');
INSERT INTO session_table (user_id, connected_at) VALUES (25, '2023-01-20 01:31:15');
INSERT INTO session_table (user_id, connected_at) VALUES (26, '2023-05-28 20:13:22');
INSERT INTO session_table (user_id, connected_at) VALUES (26, '2023-04-06 22:46:10');
INSERT INTO session_table (user_id, connected_at) VALUES (26, '2023-05-05 23:46:03');
INSERT INTO session_table (user_id, connected_at) VALUES (26, '2023-03-26 06:56:37');
INSERT INTO session_table (user_id, connected_at) VALUES (26, '2023-04-01 22:02:15');
INSERT INTO session_table (user_id, connected_at) VALUES (26, '2023-03-11 15:17:38');
INSERT INTO session_table (user_id, connected_at) VALUES (26, '2023-06-06 17:50:20');
INSERT INTO session_table (user_id, connected_at) VALUES (26, '2023-01-02 09:25:59');
INSERT INTO session_table (user_id, connected_at) VALUES (26, '2023-02-25 20:20:55');
INSERT INTO session_table (user_id, connected_at) VALUES (26, '2023-04-27 19:35:46');
INSERT INTO session_table (user_id, connected_at) VALUES (27, '2023-01-30 21:11:35');
INSERT INTO session_table (user_id, connected_at) VALUES (27, '2023-01-26 17:09:32');
INSERT INTO session_table (user_id, connected_at) VALUES (27, '2023-04-30 20:03:35');
INSERT INTO session_table (user_id, connected_at) VALUES (27, '2023-04-18 09:23:32');
INSERT INTO session_table (user_id, connected_at) VALUES (27, '2023-02-27 21:02:11');
INSERT INTO session_table (user_id, connected_at) VALUES (27, '2023-04-06 01:38:38');
INSERT INTO session_table (user_id, connected_at) VALUES (27, '2023-03-07 11:46:39');
INSERT INTO session_table (user_id, connected_at) VALUES (27, '2023-01-28 16:55:01');
INSERT INTO session_table (user_id, connected_at) VALUES (27, '2023-03-01 10:12:57');
INSERT INTO session_table (user_id, connected_at) VALUES (27, '2023-03-22 14:16:50');
INSERT INTO session_table (user_id, connected_at) VALUES (28, '2023-01-21 09:24:12');
INSERT INTO session_table (user_id, connected_at) VALUES (28, '2023-03-30 22:29:22');
INSERT INTO session_table (user_id, connected_at) VALUES (28, '2023-05-07 10:20:21');
INSERT INTO session_table (user_id, connected_at) VALUES (28, '2023-03-12 15:09:25');
INSERT INTO session_table (user_id, connected_at) VALUES (28, '2023-01-16 23:07:15');
INSERT INTO session_table (user_id, connected_at) VALUES (28, '2023-06-10 03:47:49');
INSERT INTO session_table (user_id, connected_at) VALUES (28, '2023-02-21 23:48:41');
INSERT INTO session_table (user_id, connected_at) VALUES (28, '2023-04-11 17:13:27');
INSERT INTO session_table (user_id, connected_at) VALUES (28, '2023-06-24 06:26:42');
INSERT INTO session_table (user_id, connected_at) VALUES (28, '2023-06-03 01:07:35');
INSERT INTO session_table (user_id, connected_at) VALUES (29, '2023-02-21 07:41:44');
INSERT INTO session_table (user_id, connected_at) VALUES (29, '2023-01-31 00:47:53');
INSERT INTO session_table (user_id, connected_at) VALUES (29, '2023-03-18 21:18:46');
INSERT INTO session_table (user_id, connected_at) VALUES (29, '2023-06-08 18:43:32');
INSERT INTO session_table (user_id, connected_at) VALUES (29, '2023-03-14 13:54:59');
INSERT INTO session_table (user_id, connected_at) VALUES (29, '2023-06-21 21:03:01');
INSERT INTO session_table (user_id, connected_at) VALUES (29, '2023-02-28 17:43:17');
INSERT INTO session_table (user_id, connected_at) VALUES (29, '2023-03-18 23:01:02');
INSERT INTO session_table (user_id, connected_at) VALUES (29, '2023-03-25 13:16:59');
INSERT INTO session_table (user_id, connected_at) VALUES (29, '2023-01-06 09:09:28');
INSERT INTO session_table (user_id, connected_at) VALUES (30, '2023-04-29 06:33:21');
INSERT INTO session_table (user_id, connected_at) VALUES (30, '2023-01-31 19:46:03');
INSERT INTO session_table (user_id, connected_at) VALUES (30, '2023-01-23 05:48:27');
INSERT INTO session_table (user_id, connected_at) VALUES (30, '2023-03-28 12:14:44');
INSERT INTO session_table (user_id, connected_at) VALUES (30, '2023-02-08 21:40:05');
INSERT INTO session_table (user_id, connected_at) VALUES (30, '2023-01-11 14:07:26');
INSERT INTO session_table (user_id, connected_at) VALUES (30, '2023-06-23 19:53:25');
INSERT INTO session_table (user_id, connected_at) VALUES (30, '2023-02-07 15:26:29');
INSERT INTO session_table (user_id, connected_at) VALUES (30, '2023-01-20 08:05:45');
INSERT INTO session_table (user_id, connected_at) VALUES (30, '2023-05-18 04:35:31');
INSERT INTO session_table (user_id, connected_at) VALUES (31, '2023-01-10 10:38:26');
INSERT INTO session_table (user_id, connected_at) VALUES (31, '2023-05-16 14:29:14');
INSERT INTO session_table (user_id, connected_at) VALUES (31, '2023-02-06 06:26:31');
INSERT INTO session_table (user_id, connected_at) VALUES (31, '2023-04-30 13:54:31');
INSERT INTO session_table (user_id, connected_at) VALUES (31, '2023-03-02 00:46:52');
INSERT INTO session_table (user_id, connected_at) VALUES (31, '2023-05-24 11:11:28');
INSERT INTO session_table (user_id, connected_at) VALUES (31, '2023-01-24 04:44:53');
INSERT INTO session_table (user_id, connected_at) VALUES (31, '2023-04-10 13:36:33');
INSERT INTO session_table (user_id, connected_at) VALUES (31, '2023-04-27 04:39:04');
INSERT INTO session_table (user_id, connected_at) VALUES (31, '2023-03-26 05:13:35');
INSERT INTO session_table (user_id, connected_at) VALUES (32, '2023-06-13 20:40:46');
INSERT INTO session_table (user_id, connected_at) VALUES (32, '2023-01-29 20:31:29');
INSERT INTO session_table (user_id, connected_at) VALUES (32, '2023-05-13 05:30:42');
INSERT INTO session_table (user_id, connected_at) VALUES (32, '2023-01-16 02:54:50');
INSERT INTO session_table (user_id, connected_at) VALUES (32, '2023-02-16 01:05:21');
INSERT INTO session_table (user_id, connected_at) VALUES (32, '2023-06-29 12:04:30');
INSERT INTO session_table (user_id, connected_at) VALUES (32, '2023-06-27 21:41:33');
INSERT INTO session_table (user_id, connected_at) VALUES (32, '2023-06-23 20:24:06');
INSERT INTO session_table (user_id, connected_at) VALUES (32, '2023-04-16 15:58:07');
INSERT INTO session_table (user_id, connected_at) VALUES (32, '2023-04-15 19:10:18');
INSERT INTO session_table (user_id, connected_at) VALUES (33, '2023-05-31 05:53:59');
INSERT INTO session_table (user_id, connected_at) VALUES (33, '2023-04-07 23:48:34');
INSERT INTO session_table (user_id, connected_at) VALUES (33, '2023-06-25 00:32:14');
INSERT INTO session_table (user_id, connected_at) VALUES (33, '2023-02-11 03:18:37');
INSERT INTO session_table (user_id, connected_at) VALUES (33, '2023-01-18 16:46:06');
INSERT INTO session_table (user_id, connected_at) VALUES (33, '2023-06-02 06:23:42');
INSERT INTO session_table (user_id, connected_at) VALUES (33, '2023-02-16 12:12:23');
INSERT INTO session_table (user_id, connected_at) VALUES (33, '2023-05-23 03:36:49');
INSERT INTO session_table (user_id, connected_at) VALUES (33, '2023-02-19 07:23:24');
INSERT INTO session_table (user_id, connected_at) VALUES (33, '2023-06-25 06:12:54');
INSERT INTO session_table (user_id, connected_at) VALUES (34, '2023-05-28 10:22:50');
INSERT INTO session_table (user_id, connected_at) VALUES (34, '2023-03-07 16:49:47');
INSERT INTO session_table (user_id, connected_at) VALUES (34, '2023-05-02 04:21:04');
INSERT INTO session_table (user_id, connected_at) VALUES (34, '2023-05-27 21:14:55');
INSERT INTO session_table (user_id, connected_at) VALUES (34, '2023-01-18 03:57:13');
INSERT INTO session_table (user_id, connected_at) VALUES (34, '2023-04-22 19:36:27');
INSERT INTO session_table (user_id, connected_at) VALUES (34, '2023-03-26 09:30:50');
INSERT INTO session_table (user_id, connected_at) VALUES (34, '2023-04-08 07:56:04');
INSERT INTO session_table (user_id, connected_at) VALUES (34, '2023-01-20 00:23:05');
INSERT INTO session_table (user_id, connected_at) VALUES (34, '2023-04-14 17:13:38');
INSERT INTO session_table (user_id, connected_at) VALUES (35, '2023-05-19 06:49:11');
INSERT INTO session_table (user_id, connected_at) VALUES (35, '2023-04-10 02:25:13');
INSERT INTO session_table (user_id, connected_at) VALUES (35, '2023-03-26 06:51:57');
INSERT INTO session_table (user_id, connected_at) VALUES (35, '2023-04-04 18:55:09');
INSERT INTO session_table (user_id, connected_at) VALUES (35, '2023-05-17 14:17:36');
INSERT INTO session_table (user_id, connected_at) VALUES (35, '2023-03-19 20:51:46');
INSERT INTO session_table (user_id, connected_at) VALUES (35, '2023-02-21 13:36:18');
INSERT INTO session_table (user_id, connected_at) VALUES (35, '2023-06-29 04:16:45');
INSERT INTO session_table (user_id, connected_at) VALUES (35, '2023-01-04 08:22:25');
INSERT INTO session_table (user_id, connected_at) VALUES (35, '2023-06-14 09:51:53');
INSERT INTO session_table (user_id, connected_at) VALUES (36, '2023-01-15 12:06:37');
INSERT INTO session_table (user_id, connected_at) VALUES (36, '2023-06-05 13:31:17');
INSERT INTO session_table (user_id, connected_at) VALUES (36, '2023-03-30 16:53:21');
INSERT INTO session_table (user_id, connected_at) VALUES (36, '2023-01-01 17:42:18');
INSERT INTO session_table (user_id, connected_at) VALUES (36, '2023-06-16 05:58:31');
INSERT INTO session_table (user_id, connected_at) VALUES (36, '2023-05-05 07:32:00');
INSERT INTO session_table (user_id, connected_at) VALUES (36, '2023-05-23 06:04:01');
INSERT INTO session_table (user_id, connected_at) VALUES (36, '2023-01-28 08:05:42');
INSERT INTO session_table (user_id, connected_at) VALUES (36, '2023-05-07 18:40:27');
INSERT INTO session_table (user_id, connected_at) VALUES (36, '2023-04-02 06:04:08');
INSERT INTO session_table (user_id, connected_at) VALUES (37, '2023-02-03 02:28:59');
INSERT INTO session_table (user_id, connected_at) VALUES (37, '2023-04-12 10:11:23');
INSERT INTO session_table (user_id, connected_at) VALUES (37, '2023-05-15 06:11:17');
INSERT INTO session_table (user_id, connected_at) VALUES (37, '2023-05-08 22:17:23');
INSERT INTO session_table (user_id, connected_at) VALUES (37, '2023-02-17 14:01:52');
INSERT INTO session_table (user_id, connected_at) VALUES (37, '2023-03-22 12:39:59');
INSERT INTO session_table (user_id, connected_at) VALUES (37, '2023-05-30 17:20:50');
INSERT INTO session_table (user_id, connected_at) VALUES (37, '2023-05-30 19:14:54');
INSERT INTO session_table (user_id, connected_at) VALUES (37, '2023-06-02 11:17:43');
INSERT INTO session_table (user_id, connected_at) VALUES (37, '2023-05-28 17:11:46');
INSERT INTO session_table (user_id, connected_at) VALUES (38, '2023-02-13 03:32:50');
INSERT INTO session_table (user_id, connected_at) VALUES (38, '2023-01-07 02:49:14');
INSERT INTO session_table (user_id, connected_at) VALUES (38, '2023-01-20 16:31:18');
INSERT INTO session_table (user_id, connected_at) VALUES (38, '2023-03-15 23:31:01');
INSERT INTO session_table (user_id, connected_at) VALUES (38, '2023-04-01 07:13:55');
INSERT INTO session_table (user_id, connected_at) VALUES (38, '2023-02-14 12:23:21');
INSERT INTO session_table (user_id, connected_at) VALUES (38, '2023-02-09 09:54:08');
INSERT INTO session_table (user_id, connected_at) VALUES (38, '2023-01-25 17:29:47');
INSERT INTO session_table (user_id, connected_at) VALUES (38, '2023-06-02 07:44:15');
INSERT INTO session_table (user_id, connected_at) VALUES (38, '2023-05-30 21:36:42');
INSERT INTO session_table (user_id, connected_at) VALUES (39, '2023-03-14 06:31:00');
INSERT INTO session_table (user_id, connected_at) VALUES (39, '2023-02-27 03:06:02');
INSERT INTO session_table (user_id, connected_at) VALUES (39, '2023-05-07 12:48:59');
INSERT INTO session_table (user_id, connected_at) VALUES (39, '2023-01-23 02:11:46');
INSERT INTO session_table (user_id, connected_at) VALUES (39, '2023-05-21 11:15:32');
INSERT INTO session_table (user_id, connected_at) VALUES (39, '2023-04-04 01:54:22');
INSERT INTO session_table (user_id, connected_at) VALUES (39, '2023-04-06 22:31:23');
INSERT INTO session_table (user_id, connected_at) VALUES (39, '2023-03-16 05:00:58');
INSERT INTO session_table (user_id, connected_at) VALUES (39, '2023-05-27 19:43:31');
INSERT INTO session_table (user_id, connected_at) VALUES (39, '2023-06-26 06:44:21');
INSERT INTO session_table (user_id, connected_at) VALUES (40, '2023-02-25 05:08:59');
INSERT INTO session_table (user_id, connected_at) VALUES (40, '2023-03-31 06:22:24');
INSERT INTO session_table (user_id, connected_at) VALUES (40, '2023-03-02 22:48:16');
INSERT INTO session_table (user_id, connected_at) VALUES (40, '2023-06-27 18:40:09');
INSERT INTO session_table (user_id, connected_at) VALUES (40, '2023-04-24 10:03:23');
INSERT INTO session_table (user_id, connected_at) VALUES (40, '2023-03-17 22:28:29');
INSERT INTO session_table (user_id, connected_at) VALUES (40, '2023-06-18 02:12:01');
INSERT INTO session_table (user_id, connected_at) VALUES (40, '2023-03-31 11:11:03');
INSERT INTO session_table (user_id, connected_at) VALUES (40, '2023-04-22 20:48:09');
INSERT INTO session_table (user_id, connected_at) VALUES (40, '2023-03-30 15:39:40');
INSERT INTO session_table (user_id, connected_at) VALUES (41, '2023-04-27 00:28:01');
INSERT INTO session_table (user_id, connected_at) VALUES (41, '2023-04-26 17:42:39');
INSERT INTO session_table (user_id, connected_at) VALUES (41, '2023-01-07 08:00:38');
INSERT INTO session_table (user_id, connected_at) VALUES (41, '2023-03-28 12:27:45');
INSERT INTO session_table (user_id, connected_at) VALUES (41, '2023-01-04 19:19:09');
INSERT INTO session_table (user_id, connected_at) VALUES (41, '2023-06-30 11:25:57');
INSERT INTO session_table (user_id, connected_at) VALUES (41, '2023-03-29 06:32:32');
INSERT INTO session_table (user_id, connected_at) VALUES (41, '2023-05-09 09:03:25');
INSERT INTO session_table (user_id, connected_at) VALUES (41, '2023-03-01 07:16:29');
INSERT INTO session_table (user_id, connected_at) VALUES (41, '2023-04-23 21:01:22');
INSERT INTO session_table (user_id, connected_at) VALUES (42, '2023-06-27 04:50:47');
INSERT INTO session_table (user_id, connected_at) VALUES (42, '2023-03-21 22:05:24');
INSERT INTO session_table (user_id, connected_at) VALUES (42, '2023-02-17 09:38:06');
INSERT INTO session_table (user_id, connected_at) VALUES (42, '2023-04-14 04:05:48');
INSERT INTO session_table (user_id, connected_at) VALUES (42, '2023-05-13 07:04:44');
INSERT INTO session_table (user_id, connected_at) VALUES (42, '2023-04-28 14:24:46');
INSERT INTO session_table (user_id, connected_at) VALUES (42, '2023-05-18 11:35:08');
INSERT INTO session_table (user_id, connected_at) VALUES (42, '2023-01-16 18:06:23');
INSERT INTO session_table (user_id, connected_at) VALUES (42, '2023-02-18 02:12:42');
INSERT INTO session_table (user_id, connected_at) VALUES (42, '2023-06-22 13:12:01');
INSERT INTO session_table (user_id, connected_at) VALUES (43, '2023-02-06 12:42:01');
INSERT INTO session_table (user_id, connected_at) VALUES (43, '2023-06-04 10:04:42');
INSERT INTO session_table (user_id, connected_at) VALUES (43, '2023-06-28 19:00:43');
INSERT INTO session_table (user_id, connected_at) VALUES (43, '2023-01-07 14:17:12');
INSERT INTO session_table (user_id, connected_at) VALUES (43, '2023-01-26 18:34:46');
INSERT INTO session_table (user_id, connected_at) VALUES (43, '2023-02-26 03:48:50');
INSERT INTO session_table (user_id, connected_at) VALUES (43, '2023-05-09 15:02:28');
INSERT INTO session_table (user_id, connected_at) VALUES (43, '2023-01-03 05:35:10');
INSERT INTO session_table (user_id, connected_at) VALUES (43, '2023-03-15 23:35:49');
INSERT INTO session_table (user_id, connected_at) VALUES (43, '2023-04-26 21:59:44');
INSERT INTO session_table (user_id, connected_at) VALUES (44, '2023-06-07 07:26:33');
INSERT INTO session_table (user_id, connected_at) VALUES (44, '2023-02-19 06:12:38');
INSERT INTO session_table (user_id, connected_at) VALUES (44, '2023-06-18 00:28:48');
INSERT INTO session_table (user_id, connected_at) VALUES (44, '2023-02-03 17:15:36');
INSERT INTO session_table (user_id, connected_at) VALUES (44, '2023-02-22 21:39:26');
INSERT INTO session_table (user_id, connected_at) VALUES (44, '2023-05-23 23:55:36');
INSERT INTO session_table (user_id, connected_at) VALUES (44, '2023-02-03 14:24:46');
INSERT INTO session_table (user_id, connected_at) VALUES (44, '2023-05-06 10:40:53');
INSERT INTO session_table (user_id, connected_at) VALUES (44, '2023-06-08 02:09:37');
INSERT INTO session_table (user_id, connected_at) VALUES (44, '2023-03-06 19:11:14');
INSERT INTO session_table (user_id, connected_at) VALUES (45, '2023-03-10 08:59:08');
INSERT INTO session_table (user_id, connected_at) VALUES (45, '2023-03-08 04:42:53');
INSERT INTO session_table (user_id, connected_at) VALUES (45, '2023-01-07 04:27:23');
INSERT INTO session_table (user_id, connected_at) VALUES (45, '2023-01-29 01:38:40');
INSERT INTO session_table (user_id, connected_at) VALUES (45, '2023-03-19 20:51:16');
INSERT INTO session_table (user_id, connected_at) VALUES (45, '2023-01-25 07:28:27');
INSERT INTO session_table (user_id, connected_at) VALUES (45, '2023-01-12 12:17:30');
INSERT INTO session_table (user_id, connected_at) VALUES (45, '2023-01-04 14:54:49');
INSERT INTO session_table (user_id, connected_at) VALUES (45, '2023-03-01 02:25:53');
INSERT INTO session_table (user_id, connected_at) VALUES (45, '2023-04-30 20:32:52');
INSERT INTO session_table (user_id, connected_at) VALUES (46, '2023-03-13 13:30:47');
INSERT INTO session_table (user_id, connected_at) VALUES (46, '2023-03-18 01:25:26');
INSERT INTO session_table (user_id, connected_at) VALUES (46, '2023-01-13 16:33:29');
INSERT INTO session_table (user_id, connected_at) VALUES (46, '2023-04-09 16:22:24');
INSERT INTO session_table (user_id, connected_at) VALUES (46, '2023-05-18 12:11:47');
INSERT INTO session_table (user_id, connected_at) VALUES (46, '2023-01-10 16:51:06');
INSERT INTO session_table (user_id, connected_at) VALUES (46, '2023-02-14 06:26:04');
INSERT INTO session_table (user_id, connected_at) VALUES (46, '2023-02-06 17:42:31');
INSERT INTO session_table (user_id, connected_at) VALUES (46, '2023-02-11 07:24:31');
INSERT INTO session_table (user_id, connected_at) VALUES (46, '2023-05-02 10:11:24');
INSERT INTO session_table (user_id, connected_at) VALUES (47, '2023-03-27 04:27:51');
INSERT INTO session_table (user_id, connected_at) VALUES (47, '2023-02-01 18:46:01');
INSERT INTO session_table (user_id, connected_at) VALUES (47, '2023-01-18 21:40:25');
INSERT INTO session_table (user_id, connected_at) VALUES (47, '2023-06-04 04:52:11');
INSERT INTO session_table (user_id, connected_at) VALUES (47, '2023-05-19 12:29:07');
INSERT INTO session_table (user_id, connected_at) VALUES (47, '2023-02-11 16:35:35');
INSERT INTO session_table (user_id, connected_at) VALUES (47, '2023-06-18 21:57:12');
INSERT INTO session_table (user_id, connected_at) VALUES (47, '2023-02-18 07:00:52');
INSERT INTO session_table (user_id, connected_at) VALUES (47, '2023-05-28 06:22:55');
INSERT INTO session_table (user_id, connected_at) VALUES (47, '2023-04-29 19:26:06');
INSERT INTO session_table (user_id, connected_at) VALUES (48, '2023-04-28 20:04:44');
INSERT INTO session_table (user_id, connected_at) VALUES (48, '2023-02-15 13:43:04');
INSERT INTO session_table (user_id, connected_at) VALUES (48, '2023-02-13 13:14:20');
INSERT INTO session_table (user_id, connected_at) VALUES (48, '2023-01-29 20:37:49');
INSERT INTO session_table (user_id, connected_at) VALUES (48, '2023-04-30 19:48:07');
INSERT INTO session_table (user_id, connected_at) VALUES (48, '2023-01-06 19:13:03');
INSERT INTO session_table (user_id, connected_at) VALUES (48, '2023-03-30 10:42:20');
INSERT INTO session_table (user_id, connected_at) VALUES (48, '2023-01-25 09:03:05');
INSERT INTO session_table (user_id, connected_at) VALUES (48, '2023-01-28 01:06:07');
INSERT INTO session_table (user_id, connected_at) VALUES (48, '2023-02-23 08:55:10');
INSERT INTO session_table (user_id, connected_at) VALUES (49, '2023-04-19 01:33:56');
INSERT INTO session_table (user_id, connected_at) VALUES (49, '2023-03-28 13:26:54');
INSERT INTO session_table (user_id, connected_at) VALUES (49, '2023-06-20 01:00:10');
INSERT INTO session_table (user_id, connected_at) VALUES (49, '2023-04-07 21:37:13');
INSERT INTO session_table (user_id, connected_at) VALUES (49, '2023-02-20 18:34:59');
INSERT INTO session_table (user_id, connected_at) VALUES (49, '2023-05-01 21:11:45');
INSERT INTO session_table (user_id, connected_at) VALUES (49, '2023-04-13 13:37:01');
INSERT INTO session_table (user_id, connected_at) VALUES (49, '2023-04-13 23:55:29');
INSERT INTO session_table (user_id, connected_at) VALUES (49, '2023-04-17 02:13:18');
INSERT INTO session_table (user_id, connected_at) VALUES (49, '2023-05-02 04:58:40');
INSERT INTO session_table (user_id, connected_at) VALUES (50, '2023-01-18 23:30:14');
INSERT INTO session_table (user_id, connected_at) VALUES (50, '2023-02-14 09:25:48');
INSERT INTO session_table (user_id, connected_at) VALUES (50, '2023-05-04 22:25:20');
INSERT INTO session_table (user_id, connected_at) VALUES (50, '2023-03-10 00:49:00');
INSERT INTO session_table (user_id, connected_at) VALUES (50, '2023-02-21 20:42:12');
INSERT INTO session_table (user_id, connected_at) VALUES (50, '2023-05-28 05:15:40');
INSERT INTO session_table (user_id, connected_at) VALUES (50, '2023-03-14 22:04:43');
INSERT INTO session_table (user_id, connected_at) VALUES (50, '2023-06-08 15:43:05');
INSERT INTO session_table (user_id, connected_at) VALUES (50, '2023-05-12 13:01:07');
INSERT INTO session_table (user_id, connected_at) VALUES (50, '2023-01-25 02:10:44');
INSERT INTO session_table (user_id, connected_at) VALUES (51, '2023-05-10 22:48:13');
INSERT INTO session_table (user_id, connected_at) VALUES (51, '2023-05-27 10:28:35');
INSERT INTO session_table (user_id, connected_at) VALUES (51, '2023-03-15 01:31:57');
INSERT INTO session_table (user_id, connected_at) VALUES (51, '2023-04-19 07:20:07');
INSERT INTO session_table (user_id, connected_at) VALUES (51, '2023-02-25 23:42:45');
INSERT INTO session_table (user_id, connected_at) VALUES (51, '2023-01-04 10:14:07');
INSERT INTO session_table (user_id, connected_at) VALUES (51, '2023-06-20 08:33:33');
INSERT INTO session_table (user_id, connected_at) VALUES (51, '2023-06-12 19:17:16');
INSERT INTO session_table (user_id, connected_at) VALUES (51, '2023-01-15 07:58:16');
INSERT INTO session_table (user_id, connected_at) VALUES (51, '2023-06-11 23:16:49');
INSERT INTO session_table (user_id, connected_at) VALUES (52, '2023-02-20 01:21:44');
INSERT INTO session_table (user_id, connected_at) VALUES (52, '2023-01-06 07:53:45');
INSERT INTO session_table (user_id, connected_at) VALUES (52, '2023-05-13 22:26:07');
INSERT INTO session_table (user_id, connected_at) VALUES (52, '2023-01-10 14:37:32');
INSERT INTO session_table (user_id, connected_at) VALUES (52, '2023-01-19 02:23:53');
INSERT INTO session_table (user_id, connected_at) VALUES (52, '2023-01-27 15:35:23');
INSERT INTO session_table (user_id, connected_at) VALUES (52, '2023-02-18 22:42:43');
INSERT INTO session_table (user_id, connected_at) VALUES (52, '2023-05-15 00:42:00');
INSERT INTO session_table (user_id, connected_at) VALUES (52, '2023-01-29 15:55:11');
INSERT INTO session_table (user_id, connected_at) VALUES (52, '2023-04-13 14:24:04');
INSERT INTO session_table (user_id, connected_at) VALUES (53, '2023-01-08 06:36:56');
INSERT INTO session_table (user_id, connected_at) VALUES (53, '2023-01-17 14:22:11');
INSERT INTO session_table (user_id, connected_at) VALUES (53, '2023-01-21 04:06:44');
INSERT INTO session_table (user_id, connected_at) VALUES (53, '2023-02-21 12:39:47');
INSERT INTO session_table (user_id, connected_at) VALUES (53, '2023-04-02 08:10:42');
INSERT INTO session_table (user_id, connected_at) VALUES (53, '2023-02-24 10:15:05');
INSERT INTO session_table (user_id, connected_at) VALUES (53, '2023-01-03 11:38:42');
INSERT INTO session_table (user_id, connected_at) VALUES (53, '2023-03-10 21:16:00');
INSERT INTO session_table (user_id, connected_at) VALUES (53, '2023-06-18 23:33:57');
INSERT INTO session_table (user_id, connected_at) VALUES (53, '2023-05-02 15:34:37');
INSERT INTO session_table (user_id, connected_at) VALUES (54, '2023-05-03 18:50:51');
INSERT INTO session_table (user_id, connected_at) VALUES (54, '2023-01-11 13:28:06');
INSERT INTO session_table (user_id, connected_at) VALUES (54, '2023-03-04 15:26:14');
INSERT INTO session_table (user_id, connected_at) VALUES (54, '2023-02-12 08:41:44');
INSERT INTO session_table (user_id, connected_at) VALUES (54, '2023-03-27 23:12:40');
INSERT INTO session_table (user_id, connected_at) VALUES (54, '2023-05-24 07:25:58');
INSERT INTO session_table (user_id, connected_at) VALUES (54, '2023-05-28 17:29:58');
INSERT INTO session_table (user_id, connected_at) VALUES (54, '2023-06-04 01:16:44');
INSERT INTO session_table (user_id, connected_at) VALUES (54, '2023-05-04 07:32:41');
INSERT INTO session_table (user_id, connected_at) VALUES (54, '2023-04-04 16:42:33');
INSERT INTO session_table (user_id, connected_at) VALUES (55, '2023-06-25 11:35:09');
INSERT INTO session_table (user_id, connected_at) VALUES (55, '2023-01-17 09:42:03');
INSERT INTO session_table (user_id, connected_at) VALUES (55, '2023-03-24 03:39:44');
INSERT INTO session_table (user_id, connected_at) VALUES (55, '2023-06-15 19:29:49');
INSERT INTO session_table (user_id, connected_at) VALUES (55, '2023-06-25 14:00:09');
INSERT INTO session_table (user_id, connected_at) VALUES (55, '2023-01-05 11:06:50');
INSERT INTO session_table (user_id, connected_at) VALUES (55, '2023-02-12 12:28:18');
INSERT INTO session_table (user_id, connected_at) VALUES (55, '2023-01-09 00:49:33');
INSERT INTO session_table (user_id, connected_at) VALUES (55, '2023-02-06 08:16:13');
INSERT INTO session_table (user_id, connected_at) VALUES (55, '2023-01-10 15:43:33');
INSERT INTO session_table (user_id, connected_at) VALUES (56, '2023-05-01 06:09:52');
INSERT INTO session_table (user_id, connected_at) VALUES (56, '2023-05-22 18:31:32');
INSERT INTO session_table (user_id, connected_at) VALUES (56, '2023-05-11 00:19:46');
INSERT INTO session_table (user_id, connected_at) VALUES (56, '2023-02-10 19:11:30');
INSERT INTO session_table (user_id, connected_at) VALUES (56, '2023-02-28 11:31:26');
INSERT INTO session_table (user_id, connected_at) VALUES (56, '2023-03-31 23:34:52');
INSERT INTO session_table (user_id, connected_at) VALUES (56, '2023-04-29 15:39:24');
INSERT INTO session_table (user_id, connected_at) VALUES (56, '2023-06-15 10:47:15');
INSERT INTO session_table (user_id, connected_at) VALUES (56, '2023-02-22 07:49:35');
INSERT INTO session_table (user_id, connected_at) VALUES (56, '2023-02-03 23:41:23');
INSERT INTO session_table (user_id, connected_at) VALUES (57, '2023-03-31 05:27:39');
INSERT INTO session_table (user_id, connected_at) VALUES (57, '2023-05-31 02:11:32');
INSERT INTO session_table (user_id, connected_at) VALUES (57, '2023-06-08 22:01:52');
INSERT INTO session_table (user_id, connected_at) VALUES (57, '2023-02-05 03:33:05');
INSERT INTO session_table (user_id, connected_at) VALUES (57, '2023-05-09 05:57:09');
INSERT INTO session_table (user_id, connected_at) VALUES (57, '2023-04-14 00:59:46');
INSERT INTO session_table (user_id, connected_at) VALUES (57, '2023-06-13 02:17:38');
INSERT INTO session_table (user_id, connected_at) VALUES (57, '2023-05-04 08:42:45');
INSERT INTO session_table (user_id, connected_at) VALUES (57, '2023-03-31 20:01:51');
INSERT INTO session_table (user_id, connected_at) VALUES (57, '2023-02-13 11:45:29');
INSERT INTO session_table (user_id, connected_at) VALUES (58, '2023-02-26 16:04:34');
INSERT INTO session_table (user_id, connected_at) VALUES (58, '2023-02-28 06:57:14');
INSERT INTO session_table (user_id, connected_at) VALUES (58, '2023-05-22 02:09:39');
INSERT INTO session_table (user_id, connected_at) VALUES (58, '2023-05-21 19:11:16');
INSERT INTO session_table (user_id, connected_at) VALUES (58, '2023-01-30 22:02:38');
INSERT INTO session_table (user_id, connected_at) VALUES (58, '2023-05-18 23:16:42');
INSERT INTO session_table (user_id, connected_at) VALUES (58, '2023-06-18 18:44:02');
INSERT INTO session_table (user_id, connected_at) VALUES (58, '2023-03-07 18:03:45');
INSERT INTO session_table (user_id, connected_at) VALUES (58, '2023-01-03 22:44:47');
INSERT INTO session_table (user_id, connected_at) VALUES (58, '2023-03-12 03:38:31');
INSERT INTO session_table (user_id, connected_at) VALUES (59, '2023-01-03 12:11:19');
INSERT INTO session_table (user_id, connected_at) VALUES (59, '2023-03-28 10:17:01');
INSERT INTO session_table (user_id, connected_at) VALUES (59, '2023-03-06 17:07:10');
INSERT INTO session_table (user_id, connected_at) VALUES (59, '2023-03-09 22:41:04');
INSERT INTO session_table (user_id, connected_at) VALUES (59, '2023-01-27 04:29:23');
INSERT INTO session_table (user_id, connected_at) VALUES (59, '2023-05-12 23:20:16');
INSERT INTO session_table (user_id, connected_at) VALUES (59, '2023-05-06 18:09:05');
INSERT INTO session_table (user_id, connected_at) VALUES (59, '2023-03-13 23:17:40');
INSERT INTO session_table (user_id, connected_at) VALUES (59, '2023-05-17 00:34:42');
INSERT INTO session_table (user_id, connected_at) VALUES (59, '2023-04-07 00:27:46');
INSERT INTO session_table (user_id, connected_at) VALUES (60, '2023-03-19 03:14:29');
INSERT INTO session_table (user_id, connected_at) VALUES (60, '2023-01-09 16:53:48');
INSERT INTO session_table (user_id, connected_at) VALUES (60, '2023-06-26 20:03:25');
INSERT INTO session_table (user_id, connected_at) VALUES (60, '2023-04-18 19:43:24');
INSERT INTO session_table (user_id, connected_at) VALUES (60, '2023-05-24 10:07:15');
INSERT INTO session_table (user_id, connected_at) VALUES (60, '2023-02-05 18:11:48');
INSERT INTO session_table (user_id, connected_at) VALUES (60, '2023-02-02 00:46:59');
INSERT INTO session_table (user_id, connected_at) VALUES (60, '2023-05-12 17:18:01');
INSERT INTO session_table (user_id, connected_at) VALUES (60, '2023-02-28 06:47:03');
INSERT INTO session_table (user_id, connected_at) VALUES (60, '2023-06-13 13:38:38');
INSERT INTO session_table (user_id, connected_at) VALUES (61, '2023-03-28 03:24:20');
INSERT INTO session_table (user_id, connected_at) VALUES (61, '2023-05-14 06:20:15');
INSERT INTO session_table (user_id, connected_at) VALUES (61, '2023-02-10 15:34:23');
INSERT INTO session_table (user_id, connected_at) VALUES (61, '2023-04-25 18:15:20');
INSERT INTO session_table (user_id, connected_at) VALUES (61, '2023-06-15 16:39:44');
INSERT INTO session_table (user_id, connected_at) VALUES (61, '2023-01-29 23:48:57');
INSERT INTO session_table (user_id, connected_at) VALUES (61, '2023-04-26 00:48:01');
INSERT INTO session_table (user_id, connected_at) VALUES (61, '2023-01-14 02:44:05');
INSERT INTO session_table (user_id, connected_at) VALUES (61, '2023-06-04 13:50:16');
INSERT INTO session_table (user_id, connected_at) VALUES (61, '2023-04-03 02:31:40');
INSERT INTO session_table (user_id, connected_at) VALUES (62, '2023-05-07 04:59:50');
INSERT INTO session_table (user_id, connected_at) VALUES (62, '2023-02-08 23:32:10');
INSERT INTO session_table (user_id, connected_at) VALUES (62, '2023-05-04 20:53:43');
INSERT INTO session_table (user_id, connected_at) VALUES (62, '2023-03-01 11:04:49');
INSERT INTO session_table (user_id, connected_at) VALUES (62, '2023-05-22 01:40:31');
INSERT INTO session_table (user_id, connected_at) VALUES (62, '2023-01-30 00:31:49');
INSERT INTO session_table (user_id, connected_at) VALUES (62, '2023-01-11 01:48:18');
INSERT INTO session_table (user_id, connected_at) VALUES (62, '2023-02-13 07:05:32');
INSERT INTO session_table (user_id, connected_at) VALUES (62, '2023-01-26 17:53:10');
INSERT INTO session_table (user_id, connected_at) VALUES (62, '2023-05-05 13:10:40');
INSERT INTO session_table (user_id, connected_at) VALUES (63, '2023-06-09 10:25:10');
INSERT INTO session_table (user_id, connected_at) VALUES (63, '2023-03-30 19:31:32');
INSERT INTO session_table (user_id, connected_at) VALUES (63, '2023-03-28 14:53:22');
INSERT INTO session_table (user_id, connected_at) VALUES (63, '2023-04-19 18:47:42');
INSERT INTO session_table (user_id, connected_at) VALUES (63, '2023-04-08 11:17:21');
INSERT INTO session_table (user_id, connected_at) VALUES (63, '2023-03-01 02:54:27');
INSERT INTO session_table (user_id, connected_at) VALUES (63, '2023-04-16 16:25:44');
INSERT INTO session_table (user_id, connected_at) VALUES (63, '2023-02-19 03:57:21');
INSERT INTO session_table (user_id, connected_at) VALUES (63, '2023-03-16 15:59:14');
INSERT INTO session_table (user_id, connected_at) VALUES (63, '2023-04-25 20:50:02');
INSERT INTO session_table (user_id, connected_at) VALUES (64, '2023-03-28 16:29:37');
INSERT INTO session_table (user_id, connected_at) VALUES (64, '2023-06-07 06:41:49');
INSERT INTO session_table (user_id, connected_at) VALUES (64, '2023-04-26 10:13:50');
INSERT INTO session_table (user_id, connected_at) VALUES (64, '2023-02-26 08:49:01');
INSERT INTO session_table (user_id, connected_at) VALUES (64, '2023-02-09 17:24:22');
INSERT INTO session_table (user_id, connected_at) VALUES (64, '2023-05-03 23:30:27');
INSERT INTO session_table (user_id, connected_at) VALUES (64, '2023-02-23 14:19:48');
INSERT INTO session_table (user_id, connected_at) VALUES (64, '2023-06-12 15:35:14');
INSERT INTO session_table (user_id, connected_at) VALUES (64, '2023-02-09 14:14:00');
INSERT INTO session_table (user_id, connected_at) VALUES (64, '2023-03-16 18:17:58');
INSERT INTO session_table (user_id, connected_at) VALUES (65, '2023-01-22 08:57:22');
INSERT INTO session_table (user_id, connected_at) VALUES (65, '2023-01-08 09:47:33');
INSERT INTO session_table (user_id, connected_at) VALUES (65, '2023-03-27 09:27:32');
INSERT INTO session_table (user_id, connected_at) VALUES (65, '2023-03-28 05:31:06');
INSERT INTO session_table (user_id, connected_at) VALUES (65, '2023-06-07 06:39:39');
INSERT INTO session_table (user_id, connected_at) VALUES (65, '2023-02-08 08:42:39');
INSERT INTO session_table (user_id, connected_at) VALUES (65, '2023-05-19 18:55:44');
INSERT INTO session_table (user_id, connected_at) VALUES (65, '2023-03-25 07:43:50');
INSERT INTO session_table (user_id, connected_at) VALUES (65, '2023-04-08 00:14:07');
INSERT INTO session_table (user_id, connected_at) VALUES (65, '2023-03-29 00:09:57');
INSERT INTO session_table (user_id, connected_at) VALUES (66, '2023-05-28 15:57:43');
INSERT INTO session_table (user_id, connected_at) VALUES (66, '2023-06-22 09:05:00');
INSERT INTO session_table (user_id, connected_at) VALUES (66, '2023-02-08 19:58:54');
INSERT INTO session_table (user_id, connected_at) VALUES (66, '2023-05-03 17:48:01');
INSERT INTO session_table (user_id, connected_at) VALUES (66, '2023-02-21 17:15:22');
INSERT INTO session_table (user_id, connected_at) VALUES (66, '2023-06-04 10:15:27');
INSERT INTO session_table (user_id, connected_at) VALUES (66, '2023-04-02 00:43:55');
INSERT INTO session_table (user_id, connected_at) VALUES (66, '2023-01-15 12:29:11');
INSERT INTO session_table (user_id, connected_at) VALUES (66, '2023-03-18 18:07:06');
INSERT INTO session_table (user_id, connected_at) VALUES (66, '2023-04-07 21:36:23');
INSERT INTO session_table (user_id, connected_at) VALUES (67, '2023-04-10 12:30:57');
INSERT INTO session_table (user_id, connected_at) VALUES (67, '2023-06-04 00:38:55');
INSERT INTO session_table (user_id, connected_at) VALUES (67, '2023-06-30 03:43:09');
INSERT INTO session_table (user_id, connected_at) VALUES (67, '2023-01-29 23:01:05');
INSERT INTO session_table (user_id, connected_at) VALUES (67, '2023-06-03 22:54:11');
INSERT INTO session_table (user_id, connected_at) VALUES (67, '2023-03-27 08:49:00');
INSERT INTO session_table (user_id, connected_at) VALUES (67, '2023-05-28 14:49:16');
INSERT INTO session_table (user_id, connected_at) VALUES (67, '2023-01-11 13:56:13');
INSERT INTO session_table (user_id, connected_at) VALUES (67, '2023-01-03 16:48:05');
INSERT INTO session_table (user_id, connected_at) VALUES (67, '2023-04-29 15:51:00');
INSERT INTO session_table (user_id, connected_at) VALUES (68, '2023-03-12 04:23:33');
INSERT INTO session_table (user_id, connected_at) VALUES (68, '2023-04-15 19:40:11');
INSERT INTO session_table (user_id, connected_at) VALUES (68, '2023-03-02 04:41:44');
INSERT INTO session_table (user_id, connected_at) VALUES (68, '2023-06-28 09:39:50');
INSERT INTO session_table (user_id, connected_at) VALUES (68, '2023-01-22 22:55:21');
INSERT INTO session_table (user_id, connected_at) VALUES (68, '2023-06-21 03:47:25');
INSERT INTO session_table (user_id, connected_at) VALUES (68, '2023-06-18 04:45:25');
INSERT INTO session_table (user_id, connected_at) VALUES (68, '2023-06-24 15:26:39');
INSERT INTO session_table (user_id, connected_at) VALUES (68, '2023-01-24 09:12:26');
INSERT INTO session_table (user_id, connected_at) VALUES (68, '2023-06-20 11:40:37');
INSERT INTO session_table (user_id, connected_at) VALUES (69, '2023-04-02 16:38:42');
INSERT INTO session_table (user_id, connected_at) VALUES (69, '2023-04-28 13:11:07');
INSERT INTO session_table (user_id, connected_at) VALUES (69, '2023-01-23 05:52:15');
INSERT INTO session_table (user_id, connected_at) VALUES (69, '2023-06-03 10:46:13');
INSERT INTO session_table (user_id, connected_at) VALUES (69, '2023-01-17 15:39:01');
INSERT INTO session_table (user_id, connected_at) VALUES (69, '2023-02-25 21:20:56');
INSERT INTO session_table (user_id, connected_at) VALUES (69, '2023-01-29 07:24:30');
INSERT INTO session_table (user_id, connected_at) VALUES (69, '2023-01-18 13:57:39');
INSERT INTO session_table (user_id, connected_at) VALUES (69, '2023-05-24 18:13:19');
INSERT INTO session_table (user_id, connected_at) VALUES (69, '2023-01-07 02:00:33');
INSERT INTO session_table (user_id, connected_at) VALUES (70, '2023-06-29 17:51:17');
INSERT INTO session_table (user_id, connected_at) VALUES (70, '2023-02-05 10:04:57');
INSERT INTO session_table (user_id, connected_at) VALUES (70, '2023-03-01 16:39:57');
INSERT INTO session_table (user_id, connected_at) VALUES (70, '2023-04-20 04:27:25');
INSERT INTO session_table (user_id, connected_at) VALUES (70, '2023-01-27 14:00:14');
INSERT INTO session_table (user_id, connected_at) VALUES (70, '2023-05-02 05:17:42');
INSERT INTO session_table (user_id, connected_at) VALUES (70, '2023-02-16 13:30:50');
INSERT INTO session_table (user_id, connected_at) VALUES (70, '2023-06-08 01:45:59');
INSERT INTO session_table (user_id, connected_at) VALUES (70, '2023-01-27 04:03:11');
INSERT INTO session_table (user_id, connected_at) VALUES (70, '2023-03-08 15:26:10');
INSERT INTO session_table (user_id, connected_at) VALUES (71, '2023-05-11 13:51:03');
INSERT INTO session_table (user_id, connected_at) VALUES (71, '2023-05-10 00:29:55');
INSERT INTO session_table (user_id, connected_at) VALUES (71, '2023-02-21 08:16:36');
INSERT INTO session_table (user_id, connected_at) VALUES (71, '2023-03-24 09:23:12');
INSERT INTO session_table (user_id, connected_at) VALUES (71, '2023-05-08 20:46:14');
INSERT INTO session_table (user_id, connected_at) VALUES (71, '2023-05-01 13:25:14');
INSERT INTO session_table (user_id, connected_at) VALUES (71, '2023-04-01 16:06:21');
INSERT INTO session_table (user_id, connected_at) VALUES (71, '2023-05-04 23:08:59');
INSERT INTO session_table (user_id, connected_at) VALUES (71, '2023-01-16 17:49:04');
INSERT INTO session_table (user_id, connected_at) VALUES (71, '2023-04-29 21:06:28');
INSERT INTO session_table (user_id, connected_at) VALUES (72, '2023-06-28 04:53:39');
INSERT INTO session_table (user_id, connected_at) VALUES (72, '2023-01-08 04:03:38');
INSERT INTO session_table (user_id, connected_at) VALUES (72, '2023-01-07 06:55:15');
INSERT INTO session_table (user_id, connected_at) VALUES (72, '2023-03-27 02:10:54');
INSERT INTO session_table (user_id, connected_at) VALUES (72, '2023-05-11 07:24:35');
INSERT INTO session_table (user_id, connected_at) VALUES (72, '2023-05-16 03:21:00');
INSERT INTO session_table (user_id, connected_at) VALUES (72, '2023-04-27 07:55:14');
INSERT INTO session_table (user_id, connected_at) VALUES (72, '2023-02-05 18:30:47');
INSERT INTO session_table (user_id, connected_at) VALUES (72, '2023-03-25 15:03:44');
INSERT INTO session_table (user_id, connected_at) VALUES (72, '2023-01-05 17:44:58');
INSERT INTO session_table (user_id, connected_at) VALUES (73, '2023-02-10 22:18:48');
INSERT INTO session_table (user_id, connected_at) VALUES (73, '2023-06-11 14:24:01');
INSERT INTO session_table (user_id, connected_at) VALUES (73, '2023-02-10 18:28:18');
INSERT INTO session_table (user_id, connected_at) VALUES (73, '2023-05-03 03:55:48');
INSERT INTO session_table (user_id, connected_at) VALUES (73, '2023-03-07 04:40:30');
INSERT INTO session_table (user_id, connected_at) VALUES (73, '2023-01-06 04:22:54');
INSERT INTO session_table (user_id, connected_at) VALUES (73, '2023-02-15 13:18:11');
INSERT INTO session_table (user_id, connected_at) VALUES (73, '2023-03-16 22:10:14');
INSERT INTO session_table (user_id, connected_at) VALUES (73, '2023-02-12 07:56:48');
INSERT INTO session_table (user_id, connected_at) VALUES (73, '2023-04-10 23:26:54');
INSERT INTO session_table (user_id, connected_at) VALUES (74, '2023-06-19 21:32:07');
INSERT INTO session_table (user_id, connected_at) VALUES (74, '2023-02-24 10:01:11');
INSERT INTO session_table (user_id, connected_at) VALUES (74, '2023-06-19 01:03:24');
INSERT INTO session_table (user_id, connected_at) VALUES (74, '2023-01-23 22:28:02');
INSERT INTO session_table (user_id, connected_at) VALUES (74, '2023-04-02 03:53:21');
INSERT INTO session_table (user_id, connected_at) VALUES (74, '2023-03-18 17:44:40');
INSERT INTO session_table (user_id, connected_at) VALUES (74, '2023-03-09 18:19:09');
INSERT INTO session_table (user_id, connected_at) VALUES (74, '2023-05-19 15:09:28');
INSERT INTO session_table (user_id, connected_at) VALUES (74, '2023-03-07 11:01:14');
INSERT INTO session_table (user_id, connected_at) VALUES (74, '2023-05-19 04:14:35');
INSERT INTO session_table (user_id, connected_at) VALUES (75, '2023-06-06 01:07:27');
INSERT INTO session_table (user_id, connected_at) VALUES (75, '2023-03-04 06:24:50');
INSERT INTO session_table (user_id, connected_at) VALUES (75, '2023-02-08 04:59:12');
INSERT INTO session_table (user_id, connected_at) VALUES (75, '2023-02-06 15:54:53');
INSERT INTO session_table (user_id, connected_at) VALUES (75, '2023-01-14 09:07:59');
INSERT INTO session_table (user_id, connected_at) VALUES (75, '2023-04-07 06:38:40');
INSERT INTO session_table (user_id, connected_at) VALUES (75, '2023-04-09 04:37:09');
INSERT INTO session_table (user_id, connected_at) VALUES (75, '2023-01-28 06:23:00');
INSERT INTO session_table (user_id, connected_at) VALUES (75, '2023-02-04 00:25:19');
INSERT INTO session_table (user_id, connected_at) VALUES (75, '2023-04-19 00:19:09');
INSERT INTO session_table (user_id, connected_at) VALUES (76, '2023-04-08 13:06:21');
INSERT INTO session_table (user_id, connected_at) VALUES (76, '2023-03-17 17:30:20');
INSERT INTO session_table (user_id, connected_at) VALUES (76, '2023-04-26 01:23:34');
INSERT INTO session_table (user_id, connected_at) VALUES (76, '2023-04-24 15:10:25');
INSERT INTO session_table (user_id, connected_at) VALUES (76, '2023-05-12 22:29:32');
INSERT INTO session_table (user_id, connected_at) VALUES (76, '2023-03-14 19:13:42');
INSERT INTO session_table (user_id, connected_at) VALUES (76, '2023-02-16 12:13:04');
INSERT INTO session_table (user_id, connected_at) VALUES (76, '2023-01-31 18:59:13');
INSERT INTO session_table (user_id, connected_at) VALUES (76, '2023-05-06 02:37:31');
INSERT INTO session_table (user_id, connected_at) VALUES (76, '2023-03-07 10:19:17');
INSERT INTO session_table (user_id, connected_at) VALUES (77, '2023-03-20 05:35:25');
INSERT INTO session_table (user_id, connected_at) VALUES (77, '2023-01-15 02:30:38');
INSERT INTO session_table (user_id, connected_at) VALUES (77, '2023-02-26 18:54:45');
INSERT INTO session_table (user_id, connected_at) VALUES (77, '2023-05-03 12:39:47');
INSERT INTO session_table (user_id, connected_at) VALUES (77, '2023-02-26 23:56:10');
INSERT INTO session_table (user_id, connected_at) VALUES (77, '2023-05-09 20:16:48');
INSERT INTO session_table (user_id, connected_at) VALUES (77, '2023-06-19 19:23:14');
INSERT INTO session_table (user_id, connected_at) VALUES (77, '2023-03-29 18:59:45');
INSERT INTO session_table (user_id, connected_at) VALUES (77, '2023-05-01 19:45:08');
INSERT INTO session_table (user_id, connected_at) VALUES (77, '2023-03-06 15:55:10');
INSERT INTO session_table (user_id, connected_at) VALUES (78, '2023-05-29 21:57:11');
INSERT INTO session_table (user_id, connected_at) VALUES (78, '2023-04-17 06:34:08');
INSERT INTO session_table (user_id, connected_at) VALUES (78, '2023-02-16 21:24:26');
INSERT INTO session_table (user_id, connected_at) VALUES (78, '2023-03-10 16:42:30');
INSERT INTO session_table (user_id, connected_at) VALUES (78, '2023-01-23 09:04:20');
INSERT INTO session_table (user_id, connected_at) VALUES (78, '2023-03-25 05:16:41');
INSERT INTO session_table (user_id, connected_at) VALUES (78, '2023-01-18 11:11:21');
INSERT INTO session_table (user_id, connected_at) VALUES (78, '2023-06-11 01:20:35');
INSERT INTO session_table (user_id, connected_at) VALUES (78, '2023-06-07 02:14:02');
INSERT INTO session_table (user_id, connected_at) VALUES (78, '2023-03-21 19:10:44');
INSERT INTO session_table (user_id, connected_at) VALUES (79, '2023-05-10 22:13:10');
INSERT INTO session_table (user_id, connected_at) VALUES (79, '2023-01-14 07:20:12');
INSERT INTO session_table (user_id, connected_at) VALUES (79, '2023-05-28 19:52:21');
INSERT INTO session_table (user_id, connected_at) VALUES (79, '2023-01-28 23:30:04');
INSERT INTO session_table (user_id, connected_at) VALUES (79, '2023-03-13 04:03:34');
INSERT INTO session_table (user_id, connected_at) VALUES (79, '2023-03-12 13:10:43');
INSERT INTO session_table (user_id, connected_at) VALUES (79, '2023-05-26 21:02:47');
INSERT INTO session_table (user_id, connected_at) VALUES (79, '2023-05-23 21:02:44');
INSERT INTO session_table (user_id, connected_at) VALUES (79, '2023-05-03 20:01:53');
INSERT INTO session_table (user_id, connected_at) VALUES (79, '2023-06-03 19:45:04');
INSERT INTO session_table (user_id, connected_at) VALUES (80, '2023-05-14 11:14:50');
INSERT INTO session_table (user_id, connected_at) VALUES (80, '2023-06-24 23:34:40');
INSERT INTO session_table (user_id, connected_at) VALUES (80, '2023-05-22 22:22:19');
INSERT INTO session_table (user_id, connected_at) VALUES (80, '2023-05-14 06:30:14');
INSERT INTO session_table (user_id, connected_at) VALUES (80, '2023-06-03 23:30:52');
INSERT INTO session_table (user_id, connected_at) VALUES (80, '2023-06-19 13:57:37');
INSERT INTO session_table (user_id, connected_at) VALUES (80, '2023-01-21 20:08:38');
INSERT INTO session_table (user_id, connected_at) VALUES (80, '2023-06-02 13:49:37');
INSERT INTO session_table (user_id, connected_at) VALUES (80, '2023-02-22 15:22:09');
INSERT INTO session_table (user_id, connected_at) VALUES (80, '2023-01-23 04:53:34');
INSERT INTO session_table (user_id, connected_at) VALUES (81, '2023-03-17 13:16:34');
INSERT INTO session_table (user_id, connected_at) VALUES (81, '2023-04-16 11:12:27');
INSERT INTO session_table (user_id, connected_at) VALUES (81, '2023-05-09 02:32:08');
INSERT INTO session_table (user_id, connected_at) VALUES (81, '2023-01-21 12:21:03');
INSERT INTO session_table (user_id, connected_at) VALUES (81, '2023-01-05 20:19:49');
INSERT INTO session_table (user_id, connected_at) VALUES (81, '2023-04-23 08:18:45');
INSERT INTO session_table (user_id, connected_at) VALUES (81, '2023-02-21 00:50:11');
INSERT INTO session_table (user_id, connected_at) VALUES (81, '2023-04-25 05:12:27');
INSERT INTO session_table (user_id, connected_at) VALUES (81, '2023-01-28 23:15:41');
INSERT INTO session_table (user_id, connected_at) VALUES (81, '2023-05-18 14:40:54');
INSERT INTO session_table (user_id, connected_at) VALUES (82, '2023-05-20 03:46:04');
INSERT INTO session_table (user_id, connected_at) VALUES (82, '2023-06-02 07:35:49');
INSERT INTO session_table (user_id, connected_at) VALUES (82, '2023-02-01 00:43:21');
INSERT INTO session_table (user_id, connected_at) VALUES (82, '2023-06-22 15:01:47');
INSERT INTO session_table (user_id, connected_at) VALUES (82, '2023-04-03 09:27:46');
INSERT INTO session_table (user_id, connected_at) VALUES (82, '2023-03-30 09:49:28');
INSERT INTO session_table (user_id, connected_at) VALUES (82, '2023-04-12 05:31:26');
INSERT INTO session_table (user_id, connected_at) VALUES (82, '2023-06-10 07:57:58');
INSERT INTO session_table (user_id, connected_at) VALUES (82, '2023-05-04 18:34:55');
INSERT INTO session_table (user_id, connected_at) VALUES (82, '2023-02-27 08:34:27');
INSERT INTO session_table (user_id, connected_at) VALUES (83, '2023-06-07 10:21:15');
INSERT INTO session_table (user_id, connected_at) VALUES (83, '2023-04-30 22:09:32');
INSERT INTO session_table (user_id, connected_at) VALUES (83, '2023-06-30 09:26:39');
INSERT INTO session_table (user_id, connected_at) VALUES (83, '2023-06-25 13:38:51');
INSERT INTO session_table (user_id, connected_at) VALUES (83, '2023-03-12 07:29:31');
INSERT INTO session_table (user_id, connected_at) VALUES (83, '2023-04-01 17:49:49');
INSERT INTO session_table (user_id, connected_at) VALUES (83, '2023-02-02 07:34:09');
INSERT INTO session_table (user_id, connected_at) VALUES (83, '2023-04-04 04:29:12');
INSERT INTO session_table (user_id, connected_at) VALUES (83, '2023-05-07 11:37:49');
INSERT INTO session_table (user_id, connected_at) VALUES (83, '2023-04-10 20:42:48');
INSERT INTO session_table (user_id, connected_at) VALUES (84, '2023-03-04 10:31:13');
INSERT INTO session_table (user_id, connected_at) VALUES (84, '2023-06-25 22:15:39');
INSERT INTO session_table (user_id, connected_at) VALUES (84, '2023-01-25 22:08:43');
INSERT INTO session_table (user_id, connected_at) VALUES (84, '2023-03-24 12:44:08');
INSERT INTO session_table (user_id, connected_at) VALUES (84, '2023-03-02 06:15:46');
INSERT INTO session_table (user_id, connected_at) VALUES (84, '2023-04-08 14:42:37');
INSERT INTO session_table (user_id, connected_at) VALUES (84, '2023-06-04 15:52:31');
INSERT INTO session_table (user_id, connected_at) VALUES (84, '2023-06-08 21:28:13');
INSERT INTO session_table (user_id, connected_at) VALUES (84, '2023-05-28 18:57:44');
INSERT INTO session_table (user_id, connected_at) VALUES (84, '2023-06-12 14:47:18');
INSERT INTO session_table (user_id, connected_at) VALUES (85, '2023-02-27 10:09:21');
INSERT INTO session_table (user_id, connected_at) VALUES (85, '2023-03-17 00:58:48');
INSERT INTO session_table (user_id, connected_at) VALUES (85, '2023-03-13 11:04:24');
INSERT INTO session_table (user_id, connected_at) VALUES (85, '2023-05-22 21:32:35');
INSERT INTO session_table (user_id, connected_at) VALUES (85, '2023-03-05 18:55:10');
INSERT INTO session_table (user_id, connected_at) VALUES (85, '2023-06-29 02:45:26');
INSERT INTO session_table (user_id, connected_at) VALUES (85, '2023-02-06 19:59:26');
INSERT INTO session_table (user_id, connected_at) VALUES (85, '2023-05-20 13:02:24');
INSERT INTO session_table (user_id, connected_at) VALUES (85, '2023-02-09 10:36:35');
INSERT INTO session_table (user_id, connected_at) VALUES (85, '2023-05-12 05:23:35');
INSERT INTO session_table (user_id, connected_at) VALUES (1, '2023-04-11 08:05:20');
INSERT INTO session_table (user_id, connected_at) VALUES (1, '2023-06-11 01:17:35');
INSERT INTO session_table (user_id, connected_at) VALUES (1, '2023-03-18 06:30:21');
INSERT INTO session_table (user_id, connected_at) VALUES (1, '2023-01-18 13:57:20');
INSERT INTO session_table (user_id, connected_at) VALUES (1, '2023-02-21 17:18:45');
INSERT INTO session_table (user_id, connected_at) VALUES (1, '2023-02-27 17:31:34');
INSERT INTO session_table (user_id, connected_at) VALUES (1, '2023-04-03 00:23:33');
INSERT INTO session_table (user_id, connected_at) VALUES (1, '2023-06-26 00:57:44');
INSERT INTO session_table (user_id, connected_at) VALUES (1, '2023-04-03 00:05:30');
INSERT INTO session_table (user_id, connected_at) VALUES (1, '2023-01-17 03:45:35');
INSERT INTO session_table (user_id, connected_at) VALUES (1, '2023-01-02 18:40:31');
INSERT INTO session_table (user_id, connected_at) VALUES (1, '2023-03-28 00:44:34');
INSERT INTO session_table (user_id, connected_at) VALUES (1, '2023-06-28 03:52:20');
INSERT INTO session_table (user_id, connected_at) VALUES (1, '2023-04-12 01:21:40');
INSERT INTO session_table (user_id, connected_at) VALUES (1, '2023-03-17 23:47:44');
INSERT INTO session_table (user_id, connected_at) VALUES (1, '2023-03-20 21:42:34');
INSERT INTO session_table (user_id, connected_at) VALUES (1, '2023-01-21 08:44:36');
INSERT INTO session_table (user_id, connected_at) VALUES (1, '2023-04-16 15:29:53');
INSERT INTO session_table (user_id, connected_at) VALUES (1, '2023-04-13 05:21:23');
INSERT INTO session_table (user_id, connected_at) VALUES (1, '2023-04-22 05:10:02');
INSERT INTO session_table (user_id, connected_at) VALUES (1, '2023-01-20 16:01:11');
INSERT INTO session_table (user_id, connected_at) VALUES (1, '2023-04-30 17:26:53');
INSERT INTO session_table (user_id, connected_at) VALUES (1, '2023-02-06 13:14:43');
INSERT INTO session_table (user_id, connected_at) VALUES (1, '2023-02-10 03:49:36');
INSERT INTO session_table (user_id, connected_at) VALUES (1, '2023-01-02 22:54:53');
INSERT INTO session_table (user_id, connected_at) VALUES (1, '2023-06-17 16:44:00');
INSERT INTO session_table (user_id, connected_at) VALUES (1, '2023-06-16 06:56:54');
INSERT INTO session_table (user_id, connected_at) VALUES (1, '2023-06-02 15:42:45');
INSERT INTO session_table (user_id, connected_at) VALUES (1, '2023-05-11 21:58:53');
INSERT INTO session_table (user_id, connected_at) VALUES (1, '2023-02-09 08:33:09');
INSERT INTO session_table (user_id, connected_at) VALUES (1, '2023-03-14 03:38:54');
INSERT INTO session_table (user_id, connected_at) VALUES (1, '2023-06-07 02:34:11');
INSERT INTO session_table (user_id, connected_at) VALUES (1, '2023-01-06 16:14:20');
INSERT INTO session_table (user_id, connected_at) VALUES (1, '2023-06-05 07:48:25');
INSERT INTO session_table (user_id, connected_at) VALUES (1, '2023-01-18 07:35:36');
INSERT INTO session_table (user_id, connected_at) VALUES (1, '2023-03-09 22:49:26');
INSERT INTO session_table (user_id, connected_at) VALUES (1, '2023-03-12 03:16:29');
INSERT INTO session_table (user_id, connected_at) VALUES (1, '2023-05-15 17:31:16');
INSERT INTO session_table (user_id, connected_at) VALUES (1, '2023-02-23 04:26:08');
INSERT INTO session_table (user_id, connected_at) VALUES (1, '2023-01-15 06:14:02');
INSERT INTO session_table (user_id, connected_at) VALUES (1, '2023-06-02 03:05:04');
INSERT INTO session_table (user_id, connected_at) VALUES (1, '2023-01-25 22:51:37');
INSERT INTO session_table (user_id, connected_at) VALUES (1, '2023-05-14 18:48:51');
INSERT INTO session_table (user_id, connected_at) VALUES (1, '2023-06-01 23:10:16');
INSERT INTO session_table (user_id, connected_at) VALUES (1, '2023-02-18 12:46:18');
INSERT INTO session_table (user_id, connected_at) VALUES (1, '2023-05-22 10:17:43');
INSERT INTO session_table (user_id, connected_at) VALUES (1, '2023-05-22 23:25:14');
INSERT INTO session_table (user_id, connected_at) VALUES (1, '2023-06-01 22:14:29');
INSERT INTO session_table (user_id, connected_at) VALUES (1, '2023-03-13 17:09:40');
INSERT INTO session_table (user_id, connected_at) VALUES (1, '2023-01-06 06:30:16');
INSERT INTO session_table (user_id, connected_at) VALUES (1, '2023-03-04 21:46:09');
INSERT INTO session_table (user_id, connected_at) VALUES (1, '2023-06-11 06:52:45');
INSERT INTO session_table (user_id, connected_at) VALUES (1, '2023-01-05 19:51:13');
INSERT INTO session_table (user_id, connected_at) VALUES (1, '2023-01-04 00:32:53');
INSERT INTO session_table (user_id, connected_at) VALUES (1, '2023-01-27 18:50:35');
INSERT INTO session_table (user_id, connected_at) VALUES (1, '2023-04-05 20:20:50');
INSERT INTO session_table (user_id, connected_at) VALUES (1, '2023-04-09 05:07:01');
INSERT INTO session_table (user_id, connected_at) VALUES (1, '2023-05-07 08:30:06');
INSERT INTO session_table (user_id, connected_at) VALUES (1, '2023-04-28 09:52:52');
INSERT INTO session_table (user_id, connected_at) VALUES (1, '2023-06-15 01:16:43');
INSERT INTO session_table (user_id, connected_at) VALUES (1, '2023-04-27 10:59:35');
INSERT INTO session_table (user_id, connected_at) VALUES (1, '2023-02-27 09:48:17');
INSERT INTO session_table (user_id, connected_at) VALUES (1, '2023-04-17 17:25:30');
INSERT INTO session_table (user_id, connected_at) VALUES (1, '2023-06-11 16:09:33');
INSERT INTO session_table (user_id, connected_at) VALUES (1, '2023-03-11 06:43:45');
INSERT INTO session_table (user_id, connected_at) VALUES (1, '2023-03-21 01:27:37');
INSERT INTO session_table (user_id, connected_at) VALUES (1, '2023-05-16 15:01:49');
INSERT INTO session_table (user_id, connected_at) VALUES (1, '2023-06-03 02:00:20');
INSERT INTO session_table (user_id, connected_at) VALUES (1, '2023-06-02 06:15:09');
INSERT INTO session_table (user_id, connected_at) VALUES (1, '2023-05-26 12:49:46');
INSERT INTO session_table (user_id, connected_at) VALUES (1, '2023-04-17 07:55:30');
INSERT INTO session_table (user_id, connected_at) VALUES (1, '2023-04-06 17:23:02');
INSERT INTO session_table (user_id, connected_at) VALUES (1, '2023-05-12 22:57:12');
INSERT INTO session_table (user_id, connected_at) VALUES (1, '2023-05-26 02:38:35');
INSERT INTO session_table (user_id, connected_at) VALUES (1, '2023-06-01 06:22:57');
INSERT INTO session_table (user_id, connected_at) VALUES (1, '2023-04-29 07:40:28');
INSERT INTO session_table (user_id, connected_at) VALUES (1, '2023-06-17 03:44:18');
INSERT INTO session_table (user_id, connected_at) VALUES (1, '2023-03-06 14:55:32');
INSERT INTO session_table (user_id, connected_at) VALUES (1, '2023-04-17 00:40:12');
INSERT INTO session_table (user_id, connected_at) VALUES (1, '2023-06-10 18:55:12');
INSERT INTO session_table (user_id, connected_at) VALUES (1, '2023-06-02 17:02:25');
INSERT INTO session_table (user_id, connected_at) VALUES (1, '2023-03-11 02:22:54');
INSERT INTO session_table (user_id, connected_at) VALUES (1, '2023-06-08 23:54:20');
INSERT INTO session_table (user_id, connected_at) VALUES (1, '2023-04-25 06:07:40');
INSERT INTO session_table (user_id, connected_at) VALUES (1, '2023-06-18 07:33:33');
INSERT INTO session_table (user_id, connected_at) VALUES (1, '2023-05-26 01:46:01');
INSERT INTO session_table (user_id, connected_at) VALUES (1, '2023-01-23 12:35:30');
INSERT INTO session_table (user_id, connected_at) VALUES (1, '2023-04-16 18:46:15');
INSERT INTO session_table (user_id, connected_at) VALUES (1, '2023-03-20 09:12:51');
INSERT INTO session_table (user_id, connected_at) VALUES (1, '2023-03-19 14:29:20');
INSERT INTO session_table (user_id, connected_at) VALUES (1, '2023-01-31 13:44:47');
INSERT INTO session_table (user_id, connected_at) VALUES (1, '2023-03-08 04:58:33');
INSERT INTO session_table (user_id, connected_at) VALUES (1, '2023-01-18 00:18:10');
INSERT INTO session_table (user_id, connected_at) VALUES (1, '2023-04-12 08:56:26');
INSERT INTO session_table (user_id, connected_at) VALUES (1, '2023-03-28 21:01:39');
INSERT INTO session_table (user_id, connected_at) VALUES (1, '2023-04-20 07:48:38');
INSERT INTO session_table (user_id, connected_at) VALUES (1, '2023-04-09 06:56:29');
INSERT INTO session_table (user_id, connected_at) VALUES (1, '2023-02-28 20:11:55');
INSERT INTO session_table (user_id, connected_at) VALUES (1, '2023-04-23 00:46:17');
INSERT INTO session_table (user_id, connected_at) VALUES (1, '2023-02-10 13:11:10');
INSERT INTO session_table (user_id, connected_at) VALUES (1, '2023-03-13 10:55:20');
INSERT INTO session_table (user_id, connected_at) VALUES (1, '2023-01-14 22:56:52');
INSERT INTO session_table (user_id, connected_at) VALUES (1, '2023-01-17 16:10:17');
INSERT INTO session_table (user_id, connected_at) VALUES (1, '2023-04-07 11:13:12');
INSERT INTO session_table (user_id, connected_at) VALUES (1, '2023-04-28 22:34:57');
INSERT INTO session_table (user_id, connected_at) VALUES (1, '2023-01-18 14:39:44');
INSERT INTO session_table (user_id, connected_at) VALUES (1, '2023-02-04 17:25:15');
INSERT INTO session_table (user_id, connected_at) VALUES (1, '2023-05-15 06:30:35');
INSERT INTO session_table (user_id, connected_at) VALUES (1, '2023-03-11 16:20:44');
INSERT INTO session_table (user_id, connected_at) VALUES (1, '2023-05-05 15:59:48');
INSERT INTO session_table (user_id, connected_at) VALUES (1, '2023-02-10 18:16:14');
INSERT INTO session_table (user_id, connected_at) VALUES (1, '2023-02-25 18:47:32');
INSERT INTO session_table (user_id, connected_at) VALUES (1, '2023-04-12 07:55:16');
INSERT INTO session_table (user_id, connected_at) VALUES (1, '2023-06-04 16:10:04');
INSERT INTO session_table (user_id, connected_at) VALUES (1, '2023-03-14 03:38:53');
INSERT INTO session_table (user_id, connected_at) VALUES (1, '2023-06-13 04:16:41');
INSERT INTO session_table (user_id, connected_at) VALUES (1, '2023-02-18 21:14:25');
INSERT INTO session_table (user_id, connected_at) VALUES (1, '2023-03-17 15:27:45');
INSERT INTO session_table (user_id, connected_at) VALUES (1, '2023-02-26 03:59:47');
INSERT INTO session_table (user_id, connected_at) VALUES (1, '2023-03-12 20:06:55');
INSERT INTO session_table (user_id, connected_at) VALUES (1, '2023-03-14 12:49:00');
INSERT INTO session_table (user_id, connected_at) VALUES (1, '2023-03-28 21:46:01');
INSERT INTO session_table (user_id, connected_at) VALUES (1, '2023-05-23 08:00:55');
INSERT INTO session_table (user_id, connected_at) VALUES (1, '2023-05-10 17:04:21');
INSERT INTO session_table (user_id, connected_at) VALUES (1, '2023-05-14 06:23:09');
INSERT INTO session_table (user_id, connected_at) VALUES (1, '2023-06-26 05:30:25');
INSERT INTO session_table (user_id, connected_at) VALUES (1, '2023-01-18 03:29:10');
INSERT INTO session_table (user_id, connected_at) VALUES (1, '2023-01-27 14:53:02');
INSERT INTO session_table (user_id, connected_at) VALUES (1, '2023-04-04 10:55:31');
INSERT INTO session_table (user_id, connected_at) VALUES (1, '2023-04-11 04:10:25');
INSERT INTO session_table (user_id, connected_at) VALUES (1, '2023-03-26 08:20:10');
INSERT INTO session_table (user_id, connected_at) VALUES (1, '2023-02-09 00:08:46');
INSERT INTO session_table (user_id, connected_at) VALUES (1, '2023-05-06 20:57:27');
INSERT INTO session_table (user_id, connected_at) VALUES (1, '2023-05-20 14:53:42');
INSERT INTO session_table (user_id, connected_at) VALUES (1, '2023-04-07 22:44:58');
INSERT INTO session_table (user_id, connected_at) VALUES (1, '2023-06-04 08:32:30');
INSERT INTO session_table (user_id, connected_at) VALUES (1, '2023-01-11 10:30:06');
INSERT INTO session_table (user_id, connected_at) VALUES (1, '2023-03-19 03:27:35');
INSERT INTO session_table (user_id, connected_at) VALUES (1, '2023-05-06 17:08:21');
INSERT INTO session_table (user_id, connected_at) VALUES (1, '2023-03-23 02:03:48');
INSERT INTO session_table (user_id, connected_at) VALUES (1,  '2023-02-04 04:34:43');
INSERT INTO session_table (user_id, connected_at) VALUES (10, '2023-06-19 03:35:06');
INSERT INTO session_table (user_id, connected_at) VALUES (10, '2023-06-28 11:16:34');
INSERT INTO session_table (user_id, connected_at) VALUES (10, '2023-01-03 03:19:07');
INSERT INTO session_table (user_id, connected_at) VALUES (10, '2023-03-23 02:14:57');
INSERT INTO session_table (user_id, connected_at) VALUES (10, '2023-02-22 04:43:03');
INSERT INTO session_table (user_id, connected_at) VALUES (10, '2023-03-09 15:26:47');
INSERT INTO session_table (user_id, connected_at) VALUES (10, '2023-02-02 01:59:22');
INSERT INTO session_table (user_id, connected_at) VALUES (10, '2023-01-20 17:07:23');
INSERT INTO session_table (user_id, connected_at) VALUES (10, '2023-03-18 08:50:26');
 