INSERT INTO user_table (firstname, lastname, email, username, password, created_at) VALUES ('Emily', 'Holt', 'marshalljuan@example.com', 'deborah37', 'C(P+tedw#5', '2023-04-15 06:37:34');
INSERT INTO user_table (firstname, lastname, email, username, password, created_at) VALUES ('Kenneth', 'Smith', 'seanramirez@example.com', 'miranda97', 'AiZtbY6w#0', '2023-01-15 09:59:47');
INSERT INTO user_table (firstname, lastname, email, username, password, created_at) VALUES ('Bobby', 'Campbell', 'angela35@example.org', 'hannahbrown', 'Q3$2VfFeDj', '2023-05-17 11:39:38');
INSERT INTO user_table (firstname, lastname, email, username, password, created_at) VALUES ('Lucas', 'Spears', 'kelly57@example.org', 'salazaramanda', 'en!8DsqC@e', '2023-04-05 20:27:39');
INSERT INTO user_table (firstname, lastname, email, username, password, created_at) VALUES ('Samantha', 'Branch', 'triciaperez@example.net', 'paulramos', 'q*jv33IeO)', '2023-04-13 08:58:45');
INSERT INTO user_table (firstname, lastname, email, username, password, created_at) VALUES ('Carrie', 'Gallegos', 'gpeterson@example.net', 'christopher42', '9n^2s1CxT6', '2023-04-11 23:39:23');
INSERT INTO user_table (firstname, lastname, email, username, password, created_at) VALUES ('Jacqueline', 'Butler', 'youngmark@example.net', 'dakotaclark', 'xtNdceUy$2', '2023-05-10 04:57:28');
INSERT INTO user_table (firstname, lastname, email, username, password, created_at) VALUES ('Jeffrey', 'Sullivan', 'aguilarsherry@example.org', 'hughesricardo', 'k)3BMvdH0', '2023-03-04 09:47:27');
INSERT INTO user_table (firstname, lastname, email, username, password, created_at) VALUES ('Michael', 'Jones', 'elizabeth55@example.org', 'brandonrot', 'f7SExJgo+k', '2023-02-18 00:17:32');
INSERT INTO user_table (firstname, lastname, email, username, password, created_at) VALUES ('Maria', 'Cruz', 'tjones@example.org', 'shannon97', 'l$#0mCw330', '2023-01-26 23:41:48');
INSERT INTO user_table (firstname, lastname, email, username, password, created_at) VALUES ('Sheila', 'Miller', 'joshua31@example.net', 'deborah94', 'D9B#)G2W+d', '2023-01-07 16:34:28');
INSERT INTO user_table (firstname, lastname, email, username, password, created_at) VALUES ('Rebecca', 'Davenport', 'nathan85@example.com', 'huntkathr', '*YtV*i2f#5', '2023-02-11 01:31:25');
INSERT INTO user_table (firstname, lastname, email, username, password, created_at) VALUES ('Kayla', 'Jordan', 'sandy09@example.com', 'orandolph', 'z$4K7f$v6M', '2023-04-19 23:41:16');
INSERT INTO user_table (firstname, lastname, email, username, password, created_at) VALUES ('Elizabeth', 'Patel', 'ogriffith@example.org', 'heather62', 'Xf1F%Fp99^', '2023-04-26 02:17:04');
INSERT INTO user_table (firstname, lastname, email, username, password, created_at) VALUES ('Jessica', 'Townsend', 'randallgardner@example.net', 'garciamar', 'r_ZVMhrl@5', '2023-06-25 19:29:32');
INSERT INTO user_table (firstname, lastname, email, username, password, created_at) VALUES ('Alexandra', 'Hale', 'courtneyhines@example.org', 'caitlynmalo', '9p6cEEfL!w', '2023-06-26 11:14:01');
INSERT INTO user_table (firstname, lastname, email, username, password, created_at) VALUES ('Kimberly', 'Campbell', 'amanda87@example.org', 'michael11', '64!8W*Beor', '2023-06-24 23:55:32');
INSERT INTO user_table (firstname, lastname, email, username, password, created_at) VALUES ('Jeremy', 'Fernandez', 'jessicadavis@example.net', 'laurafarmer', '!6IUNl5+fg', '2023-05-05 18:50:15');
INSERT INTO user_table (firstname, lastname, email, username, password, created_at) VALUES ('Tamara', 'Cole', 'michael02@example.net', 'lonnieshea', 'qRoIUUim!7', '2023-03-23 19:17:29');
INSERT INTO user_table (firstname, lastname, email, username, password, created_at) VALUES ('Jason', 'Cervantes', 'jeffreyallen@example.com', 'ashleyhoward', 'W8JUT6Jl_9', '2023-06-28 16:02:48');
INSERT INTO user_table (firstname, lastname, email, username, password, created_at) VALUES ('Zachary', 'Barker', 'dianemoran@example.net', 'jamespark', '(gBXYg+jY5', '2023-04-28 18:23:11');
INSERT INTO user_table (firstname, lastname, email, username, password, created_at) VALUES ('Kimberly', 'Summers', 'foxkeith@example.org', 'christoph', 'zx&35Nkj)7', '2023-06-23 11:51:14');
INSERT INTO user_table (firstname, lastname, email, username, password, created_at) VALUES ('Shannon', 'Bell', 'quinnkyle@example.com', 'cynthia86', '!&1TFx@VM*', '2023-03-23 23:35:16');
INSERT INTO user_table (firstname, lastname, email, username, password, created_at) VALUES ('Teresa', 'Terry', 'brian86@example.net', 'shawnarnold', '^28DNoa8jt', '2023-03-05 19:17:49');
INSERT INTO user_table (firstname, lastname, email, username, password, created_at) VALUES ('Jennifer', 'Olsen', 'troybrown@example.org', 'davisjacqueline', '$1DRNbqe$V', '2023-02-04 15:14:44');
INSERT INTO user_table (firstname, lastname, email, username, password, created_at) VALUES ('Gerald', 'Fitzpatrick', 'michaeljohnson@example.net', 'robertolopez', 'Q%+6EHdqWF', '2023-05-31 11:41:39');
INSERT INTO user_table (firstname, lastname, email, username, password, created_at) VALUES ('Jason', 'Wilson', 'jodicurtis@example.org', 'vhenderson', 'zZ)0ZEXepZ', '2023-06-06 07:13:20');
INSERT INTO user_table (firstname, lastname, email, username, password, created_at) VALUES ('Linda', 'Ayala', 'codycameron@example.net', 'stewartjessica', 'a8Q)foNY(y', '2023-02-01 06:17:36');
INSERT INTO user_table (firstname, lastname, email, username, password, created_at) VALUES ('Manuel', 'Duran', 'hillmelissa@example.com', 'millercharle', '5qRPKNmT@q', '2023-06-19 05:03:34');
INSERT INTO user_table (firstname, lastname, email, username, password, created_at) VALUES ('April', 'Haley', 'kleinrebecca@example.com', 'kirstenmor', '$Y^MtBPv)2', '2023-03-27 02:05:32');
INSERT INTO user_table (firstname, lastname, email, username, password, created_at) VALUES ('Kristin', 'Collins', 'edwardsrobert@example.com', 'patriciape', '_S3BYL^pwL', '2023-03-01 00:26:18');
INSERT INTO user_table (firstname, lastname, email, username, password, created_at) VALUES ('Shane', 'Williams', 'kayla91@example.org', 'ucastillo', '_+3PM(Kd3e', '2023-04-11 14:26:22');
INSERT INTO user_table (firstname, lastname, email, username, password, created_at) VALUES ('Kimberly', 'Walker', 'smithmatthew@example.org', 'mendozahe', '%B^lV8Fd!9', '2023-02-18 07:33:41');
INSERT INTO user_table (firstname, lastname, email, username, password, created_at) VALUES ('Jacob', 'Mcmillan', 'robert84@example.com', 'heather70', '74(CRhyU@', '2023-02-01 00:15:44');
INSERT INTO user_table (firstname, lastname, email, username, password, created_at) VALUES ('Stacey', 'Petersen', 'brett68@example.com', 'jennifer0', 'rDoz9Jmc_1', '2023-03-29 12:58:57');
INSERT INTO user_table (firstname, lastname, email, username, password, created_at) VALUES ('Crystal', 'Mcneil', 'oliverwilliam@example.com', 'taylorger', 'FCPF9aBo^@', '2023-06-20 08:55:16');
INSERT INTO user_table (firstname, lastname, email, username, password, created_at) VALUES ('Tracy', 'Dickerson', 'crobinson@example.com', 'donnabrown', 'HO4Mvfy_Z#', '2023-01-31 06:09:04');
INSERT INTO user_table (firstname, lastname, email, username, password, created_at) VALUES ('James', 'Brewer', 'kevinhopkins@example.com', 'gregsanchez', '12Gl+V1j*v', '2023-02-27 08:58:43');
INSERT INTO user_table (firstname, lastname, email, username, password, created_at) VALUES ('Teresa', 'Gentry', 'philipdecker@example.net', 'timothy73', '+3T+Ol9A1L', '2023-03-27 08:13:55');
INSERT INTO user_table (firstname, lastname, email, username, password, created_at) VALUES ('Courtney', 'Turner', 'mark92@example.org', 'douglas61', 'V(N3xmWbPh', '2023-05-13 06:28:57');
INSERT INTO user_table (firstname, lastname, email, username, password, created_at) VALUES ('Gerald', 'Reyes', 'angelaandrews@example.net', 'smithnicole', '+I7zR_fyf(', '2023-01-20 21:12:30');
INSERT INTO user_table (firstname, lastname, email, username, password, created_at) VALUES ('Bonnie', 'Johnson', 'bradballard@example.org', 'melissa00', ')OwgIgZca', '2023-06-21 15:34:17');
INSERT INTO user_table (firstname, lastname, email, username, password, created_at) VALUES ('Kayla', 'West', 'marcusmadden@example.com', 'bradley34', '@X1WE8Wg#d', '2023-01-13 12:53:57');
INSERT INTO user_table (firstname, lastname, email, username, password, created_at) VALUES ('Curtis', 'Ferguson', 'anthony25@example.org', 'melissa15', 'f7n9EVMj&', '2023-05-21 05:21:05');
INSERT INTO user_table (firstname, lastname, email, username, password, created_at) VALUES ('David', 'Pennington', 'reneewilkins@example.com', 'theresa19', '7&0XuP#k!', '2023-02-10 04:09:18');
INSERT INTO user_table (firstname, lastname, email, username, password, created_at) VALUES ('Kevin', 'Rogers', 'amy54@example.org', 'jessica55', '%0JW&u*wyb', '2023-04-01 06:09:19');
INSERT INTO user_table (firstname, lastname, email, username, password, created_at) VALUES ('Donald', 'Rose', 'frankhahn@example.com', 'perryrobe', '!9Y6rQWzga', '2023-05-29 02:20:54');
INSERT INTO user_table (firstname, lastname, email, username, password, created_at) VALUES ('Christopher', 'Hall', 'allison81@example.net', 'wgalloway', '(n1ePPz6h5', '2023-01-15 21:18:48');
INSERT INTO user_table (firstname, lastname, email, username, password, created_at) VALUES ('Jasmine', 'King', 'cindy45@example.org', 'garciabenja', '!67B$g%a6', '2023-02-15 21:44:13');
INSERT INTO user_table (firstname, lastname, email, username, password, created_at) VALUES ('Christopher', 'Martin', 'brianbrady@example.com', 'matthew32', 'vqpHpLjb)5', '2023-03-12 01:08:49');
INSERT INTO user_table (firstname, lastname, email, username, password, created_at) VALUES ('Jacob', 'Paul', 'danielmeyer@example.com', 'victoria01', 'XLUYpr2S@8', '2023-04-24 03:22:57');
INSERT INTO user_table (firstname, lastname, email, username, password, created_at) VALUES ('Jennifer', 'Trevino', 'jonestaylor@example.org', 'christensenti', '45PEL^iH*b', '2023-06-30 21:29:37');
INSERT INTO user_table (firstname, lastname, email, username, password, created_at) VALUES ('Megan', 'Taylor', 'ymcgee@example.com', 'perezantho', 'V6^dA_4e_@', '2023-05-12 15:28:43');
INSERT INTO user_table (firstname, lastname, email, username, password, created_at) VALUES ('Matthew', 'Rocha', 'tiffany68@example.org', 'danielle6', '@7YUr_#$T6', '2023-06-25 00:45:53');
INSERT INTO user_table (firstname, lastname, email, username, password, created_at) VALUES ('Elizabeth', 'Richardson', 'lopezdavid@example.com', 'justinmonte', '%8$l2J9KF', '2023-05-21 06:22:14');
INSERT INTO user_table (firstname, lastname, email, username, password, created_at) VALUES ('Jaclyn', 'Pacheco', 'joanna58@example.org', 'irichardson', ')6yKm0Bei#', '2023-02-01 04:27:53');
INSERT INTO user_table (firstname, lastname, email, username, password, created_at) VALUES ('Rodney', 'Savage', 'scarter@example.org', 'buckcarrie', 'ioc#4#Brel', '2023-03-04 15:00:28');
INSERT INTO user_table (firstname, lastname, email, username, password, created_at) VALUES ('Michael', 'Stephenson', 'elliottalicia@example.org', 'charlessu', ')1pZ2yzXC0', '2023-02-05 09:00:08');
INSERT INTO user_table (firstname, lastname, email, username, password, created_at) VALUES ('Madison', 'Kennedy', 'ramirezmeghan@example.org', 'garyduffy', 'exw1DonU%n', '2023-04-04 18:18:38');
INSERT INTO user_table (firstname, lastname, email, username, password, created_at) VALUES ('Jeffrey', 'Osborne', 'denise71@example.org', 'ocunningham', '3sRGXPyD+8', '2023-03-02 17:33:30');
INSERT INTO user_table (firstname, lastname, email, username, password, created_at) VALUES ('Brooke', 'Powell', 'russelljessica@example.net', 'cassidywebb', '#%6G!nn$j6', '2023-04-02 08:10:30');
INSERT INTO user_table (firstname, lastname, email, username, password, created_at) VALUES ('Johnny', 'Barrett', 'emilyallison@example.org', 'nathanwil', '$66BzBoH^i', '2023-05-21 01:08:27');
INSERT INTO user_table (firstname, lastname, email, username, password, created_at) VALUES ('Peter', 'Gould', 'craig46@example.org', 'marissalars', 'Sd8i27Gl$%', '2023-06-14 18:39:23');
INSERT INTO user_table (firstname, lastname, email, username, password, created_at) VALUES ('Joshua', 'Mills', 'harringtonkrystal@example.net', 'karenhicks', 'WMPU^Sbz#8', '2023-03-23 23:40:47');
INSERT INTO user_table (firstname, lastname, email, username, password, created_at) VALUES ('Omar', 'Carter', 'johnsonann@example.com', 'allisonpoole', 's&(8pQGcbJ', '2023-03-21 21:36:26');
INSERT INTO user_table (firstname, lastname, email, username, password, created_at) VALUES ('Rebecca', 'Stewart', 'trujillokatherine@example.com', 'myersnicholas', '0%6qrrVdsc', '2023-05-30 04:25:11');
INSERT INTO user_table (firstname, lastname, email, username, password, created_at) VALUES ('Gabriel', 'Underwood', 'darrylshaffer@example.com', 'shawnalexa', '^1osOJ5bp', '2023-05-15 14:29:24');
INSERT INTO user_table (firstname, lastname, email, username, password, created_at) VALUES ('Melissa', 'Wood', 'ehernandez@example.com', 'vincent65', '9IEr%+PA)o', '2023-01-19 08:10:35');
INSERT INTO user_table (firstname, lastname, email, username, password, created_at) VALUES ('Kevin', 'Spencer', 'phillipsjacqueline@example.org', 'vsullivan', '%I0NFkfH$C', '2023-04-09 21:35:04');
INSERT INTO user_table (firstname, lastname, email, username, password, created_at) VALUES ('Jennifer', 'Nelson', 'rodonnell@example.net', 'codywyatt', 'nqUfEEZI+', '2023-03-28 21:43:48');
INSERT INTO user_table (firstname, lastname, email, username, password, created_at) VALUES ('Marie', 'Perez', 'bryantemily@example.org', 'caroltorre', 'v(*#wbA6Vd', '2023-05-25 06:50:36');
INSERT INTO user_table (firstname, lastname, email, username, password, created_at) VALUES ('Dennis', 'Bradley', 'bartondaniel@example.net', 'donnacastillo', 'WA6&3n#b2(', '2023-04-16 20:43:10');
INSERT INTO user_table (firstname, lastname, email, username, password, created_at) VALUES ('Garrett', 'Evans', 'kathryn81@example.net', 'kristopherbr', 'g2%5uhQy!A', '2023-01-19 03:13:25');
INSERT INTO user_table (firstname, lastname, email, username, password, created_at) VALUES ('Donald', 'Brown', 'qblevins@example.com', 'nguyenrandy', '61chJkjv+y', '2023-06-11 05:15:09');
INSERT INTO user_table (firstname, lastname, email, username, password, created_at) VALUES ('Veronica', 'Ray', 'anneshaw@example.com', 'bishopbeth', 'UUFvCFtt%8', '2023-01-01 20:56:34');
INSERT INTO user_table (firstname, lastname, email, username, password, created_at) VALUES ('Karen', 'Turner', 'elizabethrodriguez@example.org', 'gregory13', '%YE35VckEr', '2023-06-10 23:02:20');
INSERT INTO user_table (firstname, lastname, email, username, password, created_at) VALUES ('Richard', 'Camacho', 'jennifer15@example.org', 'richard08', 'C9M6H2ViW$', '2023-01-01 17:10:46');
INSERT INTO user_table (firstname, lastname, email, username, password, created_at) VALUES ('Ronald', 'Jones', 'ramirezbrian@example.com', 'westannette', 'j5uT1X&lw(', '2023-05-14 22:00:07');
INSERT INTO user_table (firstname, lastname, email, username, password, created_at) VALUES ('George', 'Rogers', 'cooperkathleen@example.org', 'rojassteph', '()8Pr@xz+s', '2023-04-16 10:23:25');
INSERT INTO user_table (firstname, lastname, email, username, password, created_at) VALUES ('Michael', 'Donaldson', 'nathan64@example.com', 'michaelgibso', 'jtRNg*mu+7', '2023-03-06 02:16:50');
INSERT INTO user_table (firstname, lastname, email, username, password, created_at) VALUES ('Greg', 'Duke', 'emilyjohnson@example.net', 'kellyhenderso', '_5RYMk5nQd', '2023-03-07 19:27:02');
INSERT INTO user_table (firstname, lastname, email, username, password, created_at) VALUES ('Deanna', 'Hayden', 'ashleytaylor@example.com', 'zimmermanashl', 'p3CBen_X&', '2023-05-11 19:32:04');
INSERT INTO user_table (firstname, lastname, email, username, password, created_at) VALUES ('John', 'Simmons', 'michael19@example.org', 'tonyaevans', 'Q#2O5Mz6Xe', '2023-04-15 04:07:37');
INSERT INTO user_table (firstname, lastname, email, username, password, created_at) VALUES ('Peter', 'Knight', 'stephen41@example.net', 'copelandlaurie', 'EW)nI9LpOv', '2023-01-13 13:32:20');
INSERT INTO user_table (firstname, lastname, email, username, password, created_at) VALUES ('Bryan', 'Castro', 'stevensjonathon@example.net', 'gonzalezkimbe', 'v$n9UAvLwj', '2023-01-09 16:36:06');
INSERT INTO user_table (firstname, lastname, email, username, password, created_at) VALUES ('Steven', 'Carter', 'clloyd@example.net', 'butlerstac', '@3F6HQsdU2', '2023-06-28 14:35:48');
INSERT INTO user_table (firstname, lastname, email, username, password, created_at) VALUES ('Richard', 'Holden', 'melissasantiago@example.com', 'meyerkimber', '*bTB7CEaWw', '2023-04-29 20:05:16');
INSERT INTO user_table (firstname, lastname, email, username, password, created_at) VALUES ('Kelsey', 'Smith', 'susansimmons@example.net', 'margaret49', 'hQ5QP4yQ5@', '2023-01-04 13:43:03');
INSERT INTO user_table (firstname, lastname, email, username, password, created_at) VALUES ('Paul', 'Williams', 'brian51@example.net', 'thomaskell', 'z4reRgH&%s', '2023-01-28 01:57:10');
INSERT INTO user_table (firstname, lastname, email, username, password, created_at) VALUES ('Phillip', 'Richardson', 'delacruzamy@example.net', 'smithkayla', '+qVTezvRE4', '2023-06-10 09:20:19');
INSERT INTO user_table (firstname, lastname, email, username, password, created_at) VALUES ('Joseph', 'Walters', 'qwilliams@example.net', 'johngaines', 'Nm6WZmn(M_', '2023-06-19 02:49:06');
INSERT INTO user_table (firstname, lastname, email, username, password, created_at) VALUES ('Michelle', 'Alexander', 'fkim@example.net', 'brownjoshua', 'S$5wqWX&Cs', '2023-02-16 09:35:10');
INSERT INTO user_table (firstname, lastname, email, username, password, created_at) VALUES ('Lauren', 'Gonzales', 'edwingay@example.com', 'garzakathy', '7#3Fi8@cj6', '2023-05-01 09:36:34');
INSERT INTO user_table (firstname, lastname, email, username, password, created_at) VALUES ('Dana', 'Wright', 'alexis87@example.com', 'daltonwea', '_dCNybSc(', '2023-06-09 08:06:06');
INSERT INTO user_table (firstname, lastname, email, username, password, created_at) VALUES ('Rebecca', 'Mccoy', 'csullivan@example.net', 'valerieanderson', 'F!4Irvrsn', '2023-03-16 00:36:04');
INSERT INTO user_table (firstname, lastname, email, username, password, created_at) VALUES ('Eric', 'Aguilar', 'urobinson@example.net', 'santiagomatthe', 'N!AQoqLy!2', '2023-03-09 15:17:04');
INSERT INTO user_table (firstname, lastname, email, username, password, created_at) VALUES ('Chelsea', 'Walsh', 'frank67@example.org', 'amandamitchell', '6(AEXrFx@4', '2023-05-26 21:56:33');
INSERT INTO user_table (firstname, lastname, email, username, password, created_at) VALUES ('Heather', 'Gordon', 'jennifernguyen@example.org', 'millerbarbar', 'rg(XBjo6!9', '2023-05-26 23:40:42');
INSERT INTO user_table (firstname, lastname, email, username, password, created_at) VALUES ('Katie', 'Wise', 'johnnydunlap@example.net', 'timothyram', '($ZRq_EtR0', '2023-06-07 18:09:20');
INSERT INTO user_table (firstname, lastname, email, username, password, created_at) VALUES ('Kari', 'Schwartz', 'nancy24@example.net', 'graygrego', 'E61Gevd^_!', '2023-05-19 07:35:38');
INSERT INTO user_email_verification (user_id, verified_at) VALUES (1, '2023-04-28 12:48:30');
INSERT INTO user_email_verification (user_id, verified_at) VALUES (2, '2023-06-29 19:31:14');
INSERT INTO user_email_verification (user_id, verified_at) VALUES (3, '2023-05-22 07:30:50');
INSERT INTO user_email_verification (user_id, verified_at) VALUES (4, '2023-03-30 23:32:50');
INSERT INTO user_email_verification (user_id, verified_at) VALUES (5, '2023-01-27 21:34:33');
INSERT INTO user_email_verification (user_id, verified_at) VALUES (6, '2023-02-18 14:00:46');
INSERT INTO user_email_verification (user_id, verified_at) VALUES (7, '2023-03-19 20:04:00');
INSERT INTO user_email_verification (user_id, verified_at) VALUES (8, '2023-01-29 07:35:01');
INSERT INTO user_email_verification (user_id, verified_at) VALUES (9, '2023-05-03 06:59:38');
INSERT INTO user_email_verification (user_id, verified_at) VALUES (10, '2023-02-24 17:02:41');
INSERT INTO user_email_verification (user_id, verified_at) VALUES (11, '2023-01-01 04:59:53');
INSERT INTO user_email_verification (user_id, verified_at) VALUES (12, '2023-03-27 20:42:38');
INSERT INTO user_email_verification (user_id, verified_at) VALUES (13, '2023-02-25 10:34:04');
INSERT INTO user_email_verification (user_id, verified_at) VALUES (14, '2023-06-01 17:43:03');
INSERT INTO user_email_verification (user_id, verified_at) VALUES (15, '2023-01-23 05:58:04');
INSERT INTO user_email_verification (user_id, verified_at) VALUES (16, '2023-02-25 17:45:20');
INSERT INTO user_email_verification (user_id, verified_at) VALUES (17, '2023-06-28 04:45:46');
INSERT INTO user_email_verification (user_id, verified_at) VALUES (18, '2023-06-29 23:50:10');
INSERT INTO user_email_verification (user_id, verified_at) VALUES (19, '2023-05-08 07:56:40');
INSERT INTO user_email_verification (user_id, verified_at) VALUES (20, '2023-05-13 23:06:49');
INSERT INTO user_email_verification (user_id, verified_at) VALUES (21, '2023-02-14 11:12:04');
INSERT INTO user_email_verification (user_id, verified_at) VALUES (22, '2023-01-04 20:14:51');
INSERT INTO user_email_verification (user_id, verified_at) VALUES (23, '2023-04-09 04:56:47');
INSERT INTO user_email_verification (user_id, verified_at) VALUES (24, '2023-04-21 02:40:33');
INSERT INTO user_email_verification (user_id, verified_at) VALUES (25, '2023-03-12 20:59:35');
INSERT INTO user_email_verification (user_id, verified_at) VALUES (26, '2023-03-20 16:10:57');
INSERT INTO user_email_verification (user_id, verified_at) VALUES (27, '2023-04-06 12:01:04');
INSERT INTO user_email_verification (user_id, verified_at) VALUES (28, '2023-05-01 06:49:18');
INSERT INTO user_email_verification (user_id, verified_at) VALUES (29, '2023-02-21 17:05:22');
INSERT INTO user_email_verification (user_id, verified_at) VALUES (30, '2023-02-07 23:28:22');
INSERT INTO user_email_verification (user_id, verified_at) VALUES (31, '2023-05-03 15:20:14');
INSERT INTO user_email_verification (user_id, verified_at) VALUES (32, '2023-02-22 23:25:03');
INSERT INTO user_email_verification (user_id, verified_at) VALUES (33, '2023-04-30 13:41:19');
INSERT INTO user_email_verification (user_id, verified_at) VALUES (34, '2023-01-14 09:05:44');
INSERT INTO user_email_verification (user_id, verified_at) VALUES (35, '2023-01-06 22:04:00');
INSERT INTO user_email_verification (user_id, verified_at) VALUES (36, '2023-01-09 11:05:47');
INSERT INTO user_email_verification (user_id, verified_at) VALUES (37, '2023-01-08 08:29:59');
INSERT INTO user_email_verification (user_id, verified_at) VALUES (38, '2023-03-18 06:42:19');
INSERT INTO user_email_verification (user_id, verified_at) VALUES (39, '2023-03-27 02:57:54');
INSERT INTO user_email_verification (user_id, verified_at) VALUES (40, '2023-03-23 22:07:53');
INSERT INTO user_email_verification (user_id, verified_at) VALUES (41, '2023-04-19 13:47:13');
INSERT INTO user_email_verification (user_id, verified_at) VALUES (42, '2023-01-10 15:43:58');
INSERT INTO user_email_verification (user_id, verified_at) VALUES (43, '2023-05-28 18:10:24');
INSERT INTO user_email_verification (user_id, verified_at) VALUES (44, '2023-06-23 17:26:21');
INSERT INTO user_email_verification (user_id, verified_at) VALUES (45, '2023-01-12 05:28:50');
INSERT INTO user_email_verification (user_id, verified_at) VALUES (46, '2023-03-30 01:37:07');
INSERT INTO user_email_verification (user_id, verified_at) VALUES (47, '2023-03-03 15:41:46');
INSERT INTO user_email_verification (user_id, verified_at) VALUES (48, '2023-04-27 02:41:47');
INSERT INTO user_email_verification (user_id, verified_at) VALUES (49, '2023-04-04 19:00:00');
INSERT INTO user_email_verification (user_id, verified_at) VALUES (50, '2023-02-23 17:15:09');
INSERT INTO user_email_verification (user_id, verified_at) VALUES (51, '2023-04-14 20:24:42');
INSERT INTO user_email_verification (user_id, verified_at) VALUES (52, '2023-01-13 01:07:35');
INSERT INTO user_email_verification (user_id, verified_at) VALUES (53, '2023-03-31 06:25:03');
INSERT INTO user_email_verification (user_id, verified_at) VALUES (54, '2023-06-08 20:45:59');
INSERT INTO user_email_verification (user_id, verified_at) VALUES (55, '2023-03-05 21:08:20');
INSERT INTO user_email_verification (user_id, verified_at) VALUES (56, '2023-03-04 23:33:02');
INSERT INTO user_email_verification (user_id, verified_at) VALUES (57, '2023-06-18 12:18:34');
INSERT INTO user_email_verification (user_id, verified_at) VALUES (58, '2023-03-18 00:07:16');
INSERT INTO user_email_verification (user_id, verified_at) VALUES (59, '2023-03-11 14:01:54');
INSERT INTO user_email_verification (user_id, verified_at) VALUES (60, '2023-02-15 21:01:43');
INSERT INTO user_email_verification (user_id, verified_at) VALUES (61, '2023-01-29 22:33:28');
INSERT INTO user_email_verification (user_id, verified_at) VALUES (62, '2023-02-26 05:56:35');
INSERT INTO user_email_verification (user_id, verified_at) VALUES (63, '2023-03-07 00:08:36');
INSERT INTO user_email_verification (user_id, verified_at) VALUES (64, '2023-02-05 03:30:14');
INSERT INTO user_email_verification (user_id, verified_at) VALUES (65, '2023-06-12 00:07:42');
INSERT INTO user_email_verification (user_id, verified_at) VALUES (66, '2023-03-22 01:10:15');
INSERT INTO user_email_verification (user_id, verified_at) VALUES (67, '2023-02-26 22:03:04');
INSERT INTO user_email_verification (user_id, verified_at) VALUES (68, '2023-05-14 00:11:13');
INSERT INTO user_email_verification (user_id, verified_at) VALUES (69, '2023-01-30 02:32:26');
INSERT INTO user_email_verification (user_id, verified_at) VALUES (70, '2023-01-19 08:17:30');
INSERT INTO user_email_verification (user_id, verified_at) VALUES (71, '2023-03-02 21:25:01');
INSERT INTO user_email_verification (user_id, verified_at) VALUES (72, '2023-05-08 21:53:28');
INSERT INTO user_email_verification (user_id, verified_at) VALUES (73, '2023-01-03 15:27:59');
INSERT INTO user_email_verification (user_id, verified_at) VALUES (74, '2023-05-27 07:44:09');
INSERT INTO user_email_verification (user_id, verified_at) VALUES (75, '2023-03-12 06:18:38');
INSERT INTO user_email_verification (user_id, verified_at) VALUES (76, '2023-01-13 21:59:07');
INSERT INTO user_email_verification (user_id, verified_at) VALUES (77, '2023-01-07 21:30:36');
INSERT INTO user_email_verification (user_id, verified_at) VALUES (78, '2023-04-25 17:32:56');
INSERT INTO user_email_verification (user_id, verified_at) VALUES (79, '2023-03-05 11:08:00');
INSERT INTO user_email_verification (user_id, verified_at) VALUES (80, '2023-05-28 07:17:45');
INSERT INTO user_email_verification (user_id, verified_at) VALUES (81, '2023-05-02 00:15:00');
INSERT INTO user_email_verification (user_id, verified_at) VALUES (82, '2023-05-10 11:15:46');
INSERT INTO user_email_verification (user_id, verified_at) VALUES (83, '2023-05-24 16:36:03');
INSERT INTO user_email_verification (user_id, verified_at) VALUES (84, '2023-02-08 22:55:20');
INSERT INTO user_email_verification (user_id, verified_at) VALUES (85, '2023-04-27 14:07:20');
INSERT INTO session_table (user_id, connected_at) VALUES (1, '2023-06-23 08:29:02');
INSERT INTO session_table (user_id, connected_at) VALUES (1, '2023-04-07 14:38:19');
INSERT INTO session_table (user_id, connected_at) VALUES (1, '2023-06-12 13:29:51');
INSERT INTO session_table (user_id, connected_at) VALUES (1, '2023-03-20 07:17:19');
INSERT INTO session_table (user_id, connected_at) VALUES (1, '2023-05-04 23:57:28');
INSERT INTO session_table (user_id, connected_at) VALUES (1, '2023-05-09 08:14:37');
INSERT INTO session_table (user_id, connected_at) VALUES (1, '2023-02-26 20:30:02');
INSERT INTO session_table (user_id, connected_at) VALUES (1, '2023-04-26 06:05:55');
INSERT INTO session_table (user_id, connected_at) VALUES (1, '2023-05-04 19:07:00');
INSERT INTO session_table (user_id, connected_at) VALUES (1, '2023-03-18 03:28:20');
INSERT INTO session_table (user_id, connected_at) VALUES (2, '2023-05-12 18:38:58');
INSERT INTO session_table (user_id, connected_at) VALUES (2, '2023-05-21 18:55:48');
INSERT INTO session_table (user_id, connected_at) VALUES (2, '2023-02-06 13:31:22');
INSERT INTO session_table (user_id, connected_at) VALUES (2, '2023-06-17 06:17:24');
INSERT INTO session_table (user_id, connected_at) VALUES (2, '2023-02-21 20:13:02');
INSERT INTO session_table (user_id, connected_at) VALUES (2, '2023-06-02 11:15:49');
INSERT INTO session_table (user_id, connected_at) VALUES (2, '2023-04-30 23:09:55');
INSERT INTO session_table (user_id, connected_at) VALUES (2, '2023-02-10 05:53:30');
INSERT INTO session_table (user_id, connected_at) VALUES (2, '2023-03-23 01:58:03');
INSERT INTO session_table (user_id, connected_at) VALUES (2, '2023-04-04 22:33:55');
INSERT INTO session_table (user_id, connected_at) VALUES (3, '2023-06-04 15:50:08');
INSERT INTO session_table (user_id, connected_at) VALUES (3, '2023-06-29 00:34:25');
INSERT INTO session_table (user_id, connected_at) VALUES (3, '2023-03-05 05:06:56');
INSERT INTO session_table (user_id, connected_at) VALUES (3, '2023-03-03 19:00:05');
INSERT INTO session_table (user_id, connected_at) VALUES (3, '2023-06-09 22:57:53');
INSERT INTO session_table (user_id, connected_at) VALUES (3, '2023-01-10 01:41:29');
INSERT INTO session_table (user_id, connected_at) VALUES (3, '2023-03-07 11:50:19');
INSERT INTO session_table (user_id, connected_at) VALUES (3, '2023-05-08 09:00:36');
INSERT INTO session_table (user_id, connected_at) VALUES (3, '2023-05-10 06:56:18');
INSERT INTO session_table (user_id, connected_at) VALUES (3, '2023-01-28 20:07:15');
INSERT INTO session_table (user_id, connected_at) VALUES (4, '2023-06-26 01:56:54');
INSERT INTO session_table (user_id, connected_at) VALUES (4, '2023-01-15 14:42:11');
INSERT INTO session_table (user_id, connected_at) VALUES (4, '2023-01-02 07:03:28');
INSERT INTO session_table (user_id, connected_at) VALUES (4, '2023-04-10 20:39:44');
INSERT INTO session_table (user_id, connected_at) VALUES (4, '2023-01-01 15:16:36');
INSERT INTO session_table (user_id, connected_at) VALUES (4, '2023-04-11 07:09:42');
INSERT INTO session_table (user_id, connected_at) VALUES (4, '2023-04-20 15:26:07');
INSERT INTO session_table (user_id, connected_at) VALUES (4, '2023-02-04 00:02:39');
INSERT INTO session_table (user_id, connected_at) VALUES (4, '2023-03-07 02:48:16');
INSERT INTO session_table (user_id, connected_at) VALUES (4, '2023-05-04 20:42:07');
INSERT INTO session_table (user_id, connected_at) VALUES (5, '2023-05-22 18:56:05');
INSERT INTO session_table (user_id, connected_at) VALUES (5, '2023-02-12 15:54:06');
INSERT INTO session_table (user_id, connected_at) VALUES (5, '2023-06-16 16:46:55');
INSERT INTO session_table (user_id, connected_at) VALUES (5, '2023-04-13 03:32:13');
INSERT INTO session_table (user_id, connected_at) VALUES (5, '2023-02-23 16:30:28');
INSERT INTO session_table (user_id, connected_at) VALUES (5, '2023-04-06 09:08:48');
INSERT INTO session_table (user_id, connected_at) VALUES (5, '2023-01-29 13:14:03');
INSERT INTO session_table (user_id, connected_at) VALUES (5, '2023-05-13 20:58:44');
INSERT INTO session_table (user_id, connected_at) VALUES (5, '2023-06-02 16:19:50');
INSERT INTO session_table (user_id, connected_at) VALUES (5, '2023-06-05 21:20:24');
INSERT INTO session_table (user_id, connected_at) VALUES (6, '2023-04-09 18:39:02');
INSERT INTO session_table (user_id, connected_at) VALUES (6, '2023-05-30 11:28:10');
INSERT INTO session_table (user_id, connected_at) VALUES (6, '2023-06-09 12:16:46');
INSERT INTO session_table (user_id, connected_at) VALUES (6, '2023-03-26 16:30:22');
INSERT INTO session_table (user_id, connected_at) VALUES (6, '2023-04-04 18:43:57');
INSERT INTO session_table (user_id, connected_at) VALUES (6, '2023-01-07 11:57:11');
INSERT INTO session_table (user_id, connected_at) VALUES (6, '2023-06-16 19:50:17');
INSERT INTO session_table (user_id, connected_at) VALUES (6, '2023-01-14 11:15:33');
INSERT INTO session_table (user_id, connected_at) VALUES (6, '2023-05-15 18:10:33');
INSERT INTO session_table (user_id, connected_at) VALUES (6, '2023-01-10 01:42:48');
INSERT INTO session_table (user_id, connected_at) VALUES (7, '2023-05-01 09:47:15');
INSERT INTO session_table (user_id, connected_at) VALUES (7, '2023-03-25 06:25:02');
INSERT INTO session_table (user_id, connected_at) VALUES (7, '2023-05-04 16:40:52');
INSERT INTO session_table (user_id, connected_at) VALUES (7, '2023-01-17 04:30:02');
INSERT INTO session_table (user_id, connected_at) VALUES (7, '2023-02-05 03:38:35');
INSERT INTO session_table (user_id, connected_at) VALUES (7, '2023-05-01 13:58:06');
INSERT INTO session_table (user_id, connected_at) VALUES (7, '2023-02-14 23:39:20');
INSERT INTO session_table (user_id, connected_at) VALUES (7, '2023-04-12 07:36:29');
INSERT INTO session_table (user_id, connected_at) VALUES (7, '2023-02-02 06:38:55');
INSERT INTO session_table (user_id, connected_at) VALUES (7, '2023-06-07 20:55:38');
INSERT INTO session_table (user_id, connected_at) VALUES (8, '2023-05-30 02:29:35');
INSERT INTO session_table (user_id, connected_at) VALUES (8, '2023-05-23 12:28:35');
INSERT INTO session_table (user_id, connected_at) VALUES (8, '2023-05-17 19:05:51');
INSERT INTO session_table (user_id, connected_at) VALUES (8, '2023-05-23 19:25:49');
INSERT INTO session_table (user_id, connected_at) VALUES (8, '2023-04-03 11:16:26');
INSERT INTO session_table (user_id, connected_at) VALUES (8, '2023-05-18 02:06:05');
INSERT INTO session_table (user_id, connected_at) VALUES (8, '2023-02-05 18:53:59');
INSERT INTO session_table (user_id, connected_at) VALUES (8, '2023-05-21 12:35:31');
INSERT INTO session_table (user_id, connected_at) VALUES (8, '2023-06-08 00:51:24');
INSERT INTO session_table (user_id, connected_at) VALUES (8, '2023-02-20 20:11:10');
INSERT INTO session_table (user_id, connected_at) VALUES (9, '2023-05-13 21:02:47');
INSERT INTO session_table (user_id, connected_at) VALUES (9, '2023-06-29 05:37:40');
INSERT INTO session_table (user_id, connected_at) VALUES (9, '2023-04-24 06:13:09');
INSERT INTO session_table (user_id, connected_at) VALUES (9, '2023-02-28 14:07:20');
INSERT INTO session_table (user_id, connected_at) VALUES (9, '2023-06-25 07:01:36');
INSERT INTO session_table (user_id, connected_at) VALUES (9, '2023-04-07 03:24:45');
INSERT INTO session_table (user_id, connected_at) VALUES (9, '2023-04-04 12:22:03');
INSERT INTO session_table (user_id, connected_at) VALUES (9, '2023-01-18 14:43:46');
INSERT INTO session_table (user_id, connected_at) VALUES (9, '2023-01-29 07:19:56');
INSERT INTO session_table (user_id, connected_at) VALUES (9, '2023-05-19 22:27:05');
INSERT INTO session_table (user_id, connected_at) VALUES (10, '2023-04-25 20:32:27');
INSERT INTO session_table (user_id, connected_at) VALUES (10, '2023-05-16 05:04:31');
INSERT INTO session_table (user_id, connected_at) VALUES (10, '2023-01-10 16:08:40');
INSERT INTO session_table (user_id, connected_at) VALUES (10, '2023-03-10 18:21:52');
INSERT INTO session_table (user_id, connected_at) VALUES (10, '2023-02-18 18:07:21');
INSERT INTO session_table (user_id, connected_at) VALUES (10, '2023-05-30 12:12:33');
INSERT INTO session_table (user_id, connected_at) VALUES (10, '2023-06-29 18:35:25');
INSERT INTO session_table (user_id, connected_at) VALUES (10, '2023-06-12 21:28:34');
INSERT INTO session_table (user_id, connected_at) VALUES (10, '2023-05-20 05:14:28');
INSERT INTO session_table (user_id, connected_at) VALUES (10, '2023-04-25 00:14:09');
INSERT INTO session_table (user_id, connected_at) VALUES (11, '2023-02-27 11:27:57');
INSERT INTO session_table (user_id, connected_at) VALUES (11, '2023-04-15 16:31:35');
INSERT INTO session_table (user_id, connected_at) VALUES (11, '2023-05-29 20:19:21');
INSERT INTO session_table (user_id, connected_at) VALUES (11, '2023-03-22 09:47:44');
INSERT INTO session_table (user_id, connected_at) VALUES (11, '2023-02-03 21:35:27');
INSERT INTO session_table (user_id, connected_at) VALUES (11, '2023-01-06 19:33:59');
INSERT INTO session_table (user_id, connected_at) VALUES (11, '2023-01-28 01:02:22');
INSERT INTO session_table (user_id, connected_at) VALUES (11, '2023-03-22 06:16:04');
INSERT INTO session_table (user_id, connected_at) VALUES (11, '2023-01-11 00:02:14');
INSERT INTO session_table (user_id, connected_at) VALUES (11, '2023-03-25 23:45:20');
INSERT INTO session_table (user_id, connected_at) VALUES (12, '2023-04-28 10:59:50');
INSERT INTO session_table (user_id, connected_at) VALUES (12, '2023-04-02 17:53:29');
INSERT INTO session_table (user_id, connected_at) VALUES (12, '2023-06-24 00:29:27');
INSERT INTO session_table (user_id, connected_at) VALUES (12, '2023-05-03 20:39:51');
INSERT INTO session_table (user_id, connected_at) VALUES (12, '2023-05-28 23:54:01');
INSERT INTO session_table (user_id, connected_at) VALUES (12, '2023-04-29 18:00:59');
INSERT INTO session_table (user_id, connected_at) VALUES (12, '2023-03-21 18:34:28');
INSERT INTO session_table (user_id, connected_at) VALUES (12, '2023-05-27 02:09:59');
INSERT INTO session_table (user_id, connected_at) VALUES (12, '2023-04-21 19:18:52');
INSERT INTO session_table (user_id, connected_at) VALUES (12, '2023-01-25 10:59:45');
INSERT INTO session_table (user_id, connected_at) VALUES (13, '2023-01-23 20:38:56');
INSERT INTO session_table (user_id, connected_at) VALUES (13, '2023-03-06 04:24:38');
INSERT INTO session_table (user_id, connected_at) VALUES (13, '2023-01-02 14:23:08');
INSERT INTO session_table (user_id, connected_at) VALUES (13, '2023-02-14 16:49:27');
INSERT INTO session_table (user_id, connected_at) VALUES (13, '2023-06-05 09:37:12');
INSERT INTO session_table (user_id, connected_at) VALUES (13, '2023-06-18 16:03:14');
INSERT INTO session_table (user_id, connected_at) VALUES (13, '2023-03-15 08:03:44');
INSERT INTO session_table (user_id, connected_at) VALUES (13, '2023-06-03 19:53:30');
INSERT INTO session_table (user_id, connected_at) VALUES (13, '2023-03-15 03:17:08');
INSERT INTO session_table (user_id, connected_at) VALUES (13, '2023-02-24 05:59:32');
INSERT INTO session_table (user_id, connected_at) VALUES (14, '2023-02-16 21:25:01');
INSERT INTO session_table (user_id, connected_at) VALUES (14, '2023-06-19 05:28:23');
INSERT INTO session_table (user_id, connected_at) VALUES (14, '2023-02-07 20:55:27');
INSERT INTO session_table (user_id, connected_at) VALUES (14, '2023-02-20 23:59:42');
INSERT INTO session_table (user_id, connected_at) VALUES (14, '2023-04-02 21:48:29');
INSERT INTO session_table (user_id, connected_at) VALUES (14, '2023-02-07 23:08:27');
INSERT INTO session_table (user_id, connected_at) VALUES (14, '2023-02-05 13:53:52');
INSERT INTO session_table (user_id, connected_at) VALUES (14, '2023-05-26 17:56:14');
INSERT INTO session_table (user_id, connected_at) VALUES (14, '2023-01-07 17:08:13');
INSERT INTO session_table (user_id, connected_at) VALUES (14, '2023-06-12 05:54:07');
INSERT INTO session_table (user_id, connected_at) VALUES (15, '2023-02-23 03:55:58');
INSERT INTO session_table (user_id, connected_at) VALUES (15, '2023-04-09 20:35:59');
INSERT INTO session_table (user_id, connected_at) VALUES (15, '2023-04-11 17:06:28');
INSERT INTO session_table (user_id, connected_at) VALUES (15, '2023-01-02 01:22:41');
INSERT INTO session_table (user_id, connected_at) VALUES (15, '2023-04-01 11:39:31');
INSERT INTO session_table (user_id, connected_at) VALUES (15, '2023-02-23 23:19:26');
INSERT INTO session_table (user_id, connected_at) VALUES (15, '2023-03-24 02:26:24');
INSERT INTO session_table (user_id, connected_at) VALUES (15, '2023-06-10 06:22:58');
INSERT INTO session_table (user_id, connected_at) VALUES (15, '2023-02-26 06:50:51');
INSERT INTO session_table (user_id, connected_at) VALUES (15, '2023-05-21 23:49:39');
INSERT INTO session_table (user_id, connected_at) VALUES (16, '2023-01-16 15:32:59');
INSERT INTO session_table (user_id, connected_at) VALUES (16, '2023-05-19 14:19:53');
INSERT INTO session_table (user_id, connected_at) VALUES (16, '2023-02-24 20:30:44');
INSERT INTO session_table (user_id, connected_at) VALUES (16, '2023-01-24 06:04:53');
INSERT INTO session_table (user_id, connected_at) VALUES (16, '2023-04-17 20:55:34');
INSERT INTO session_table (user_id, connected_at) VALUES (16, '2023-05-20 02:06:02');
INSERT INTO session_table (user_id, connected_at) VALUES (16, '2023-06-13 17:48:26');
INSERT INTO session_table (user_id, connected_at) VALUES (16, '2023-01-02 08:51:07');
INSERT INTO session_table (user_id, connected_at) VALUES (16, '2023-01-02 19:28:31');
INSERT INTO session_table (user_id, connected_at) VALUES (16, '2023-02-01 21:24:05');
INSERT INTO session_table (user_id, connected_at) VALUES (17, '2023-04-18 18:23:29');
INSERT INTO session_table (user_id, connected_at) VALUES (17, '2023-03-02 09:14:40');
INSERT INTO session_table (user_id, connected_at) VALUES (17, '2023-05-12 05:36:10');
INSERT INTO session_table (user_id, connected_at) VALUES (17, '2023-06-11 11:16:46');
INSERT INTO session_table (user_id, connected_at) VALUES (17, '2023-01-25 18:27:43');
INSERT INTO session_table (user_id, connected_at) VALUES (17, '2023-01-28 04:08:57');
INSERT INTO session_table (user_id, connected_at) VALUES (17, '2023-02-10 16:32:01');
INSERT INTO session_table (user_id, connected_at) VALUES (17, '2023-05-05 01:26:11');
INSERT INTO session_table (user_id, connected_at) VALUES (17, '2023-02-17 00:19:02');
INSERT INTO session_table (user_id, connected_at) VALUES (17, '2023-05-15 16:07:32');
INSERT INTO session_table (user_id, connected_at) VALUES (18, '2023-05-16 13:06:19');
INSERT INTO session_table (user_id, connected_at) VALUES (18, '2023-04-03 07:54:51');
INSERT INTO session_table (user_id, connected_at) VALUES (18, '2023-05-05 15:37:53');
INSERT INTO session_table (user_id, connected_at) VALUES (18, '2023-02-05 04:07:46');
INSERT INTO session_table (user_id, connected_at) VALUES (18, '2023-04-04 08:27:09');
INSERT INTO session_table (user_id, connected_at) VALUES (18, '2023-02-20 21:14:02');
INSERT INTO session_table (user_id, connected_at) VALUES (18, '2023-06-14 22:27:03');
INSERT INTO session_table (user_id, connected_at) VALUES (18, '2023-06-20 13:45:46');
INSERT INTO session_table (user_id, connected_at) VALUES (18, '2023-01-27 00:32:55');
INSERT INTO session_table (user_id, connected_at) VALUES (18, '2023-04-28 21:41:58');
INSERT INTO session_table (user_id, connected_at) VALUES (19, '2023-02-05 10:17:30');
INSERT INTO session_table (user_id, connected_at) VALUES (19, '2023-06-22 20:19:45');
INSERT INTO session_table (user_id, connected_at) VALUES (19, '2023-03-26 04:58:46');
INSERT INTO session_table (user_id, connected_at) VALUES (19, '2023-03-04 20:40:02');
INSERT INTO session_table (user_id, connected_at) VALUES (19, '2023-03-02 02:10:39');
INSERT INTO session_table (user_id, connected_at) VALUES (19, '2023-05-16 04:59:18');
INSERT INTO session_table (user_id, connected_at) VALUES (19, '2023-02-22 21:31:56');
INSERT INTO session_table (user_id, connected_at) VALUES (19, '2023-01-18 21:50:08');
INSERT INTO session_table (user_id, connected_at) VALUES (19, '2023-05-29 20:34:16');
INSERT INTO session_table (user_id, connected_at) VALUES (19, '2023-01-27 02:34:58');
INSERT INTO session_table (user_id, connected_at) VALUES (20, '2023-03-16 03:29:23');
INSERT INTO session_table (user_id, connected_at) VALUES (20, '2023-01-19 09:21:57');
INSERT INTO session_table (user_id, connected_at) VALUES (20, '2023-05-08 12:01:38');
INSERT INTO session_table (user_id, connected_at) VALUES (20, '2023-02-27 08:16:17');
INSERT INTO session_table (user_id, connected_at) VALUES (20, '2023-04-05 16:21:35');
INSERT INTO session_table (user_id, connected_at) VALUES (20, '2023-02-21 07:33:58');
INSERT INTO session_table (user_id, connected_at) VALUES (20, '2023-02-19 12:31:34');
INSERT INTO session_table (user_id, connected_at) VALUES (20, '2023-02-26 18:26:08');
INSERT INTO session_table (user_id, connected_at) VALUES (20, '2023-04-13 07:27:57');
INSERT INTO session_table (user_id, connected_at) VALUES (20, '2023-03-29 08:17:28');
INSERT INTO session_table (user_id, connected_at) VALUES (21, '2023-04-27 05:24:40');
INSERT INTO session_table (user_id, connected_at) VALUES (21, '2023-04-15 01:59:06');
INSERT INTO session_table (user_id, connected_at) VALUES (21, '2023-06-15 11:04:35');
INSERT INTO session_table (user_id, connected_at) VALUES (21, '2023-06-23 19:26:40');
INSERT INTO session_table (user_id, connected_at) VALUES (21, '2023-06-23 02:08:11');
INSERT INTO session_table (user_id, connected_at) VALUES (21, '2023-02-15 11:10:27');
INSERT INTO session_table (user_id, connected_at) VALUES (21, '2023-03-06 19:43:12');
INSERT INTO session_table (user_id, connected_at) VALUES (21, '2023-03-05 00:55:24');
INSERT INTO session_table (user_id, connected_at) VALUES (21, '2023-01-15 14:25:02');
INSERT INTO session_table (user_id, connected_at) VALUES (21, '2023-06-27 06:09:46');
INSERT INTO session_table (user_id, connected_at) VALUES (22, '2023-02-11 03:39:21');
INSERT INTO session_table (user_id, connected_at) VALUES (22, '2023-02-08 12:36:29');
INSERT INTO session_table (user_id, connected_at) VALUES (22, '2023-05-10 03:25:49');
INSERT INTO session_table (user_id, connected_at) VALUES (22, '2023-04-15 08:51:06');
INSERT INTO session_table (user_id, connected_at) VALUES (22, '2023-01-31 20:41:02');
INSERT INTO session_table (user_id, connected_at) VALUES (22, '2023-03-27 22:21:43');
INSERT INTO session_table (user_id, connected_at) VALUES (22, '2023-03-21 02:45:10');
INSERT INTO session_table (user_id, connected_at) VALUES (22, '2023-04-02 09:40:28');
INSERT INTO session_table (user_id, connected_at) VALUES (22, '2023-02-05 16:15:49');
INSERT INTO session_table (user_id, connected_at) VALUES (22, '2023-06-04 11:13:10');
INSERT INTO session_table (user_id, connected_at) VALUES (23, '2023-01-28 16:05:19');
INSERT INTO session_table (user_id, connected_at) VALUES (23, '2023-05-09 17:16:47');
INSERT INTO session_table (user_id, connected_at) VALUES (23, '2023-04-23 07:28:31');
INSERT INTO session_table (user_id, connected_at) VALUES (23, '2023-01-11 07:52:03');
INSERT INTO session_table (user_id, connected_at) VALUES (23, '2023-05-01 01:42:41');
INSERT INTO session_table (user_id, connected_at) VALUES (23, '2023-03-11 00:00:54');
INSERT INTO session_table (user_id, connected_at) VALUES (23, '2023-01-05 23:35:39');
INSERT INTO session_table (user_id, connected_at) VALUES (23, '2023-02-04 21:00:06');
INSERT INTO session_table (user_id, connected_at) VALUES (23, '2023-01-10 11:51:00');
INSERT INTO session_table (user_id, connected_at) VALUES (23, '2023-03-17 21:39:25');
INSERT INTO session_table (user_id, connected_at) VALUES (24, '2023-04-29 00:52:06');
INSERT INTO session_table (user_id, connected_at) VALUES (24, '2023-06-23 02:42:19');
INSERT INTO session_table (user_id, connected_at) VALUES (24, '2023-04-20 04:22:09');
INSERT INTO session_table (user_id, connected_at) VALUES (24, '2023-05-14 23:30:45');
INSERT INTO session_table (user_id, connected_at) VALUES (24, '2023-05-01 02:07:49');
INSERT INTO session_table (user_id, connected_at) VALUES (24, '2023-01-15 05:15:15');
INSERT INTO session_table (user_id, connected_at) VALUES (24, '2023-06-02 16:43:03');
INSERT INTO session_table (user_id, connected_at) VALUES (24, '2023-05-22 18:11:05');
INSERT INTO session_table (user_id, connected_at) VALUES (24, '2023-06-05 02:07:04');
INSERT INTO session_table (user_id, connected_at) VALUES (24, '2023-03-17 21:15:50');
INSERT INTO session_table (user_id, connected_at) VALUES (25, '2023-03-14 04:20:57');
INSERT INTO session_table (user_id, connected_at) VALUES (25, '2023-02-19 23:22:16');
INSERT INTO session_table (user_id, connected_at) VALUES (25, '2023-06-27 05:33:17');
INSERT INTO session_table (user_id, connected_at) VALUES (25, '2023-05-05 09:34:57');
INSERT INTO session_table (user_id, connected_at) VALUES (25, '2023-02-25 08:43:35');
INSERT INTO session_table (user_id, connected_at) VALUES (25, '2023-05-22 02:47:46');
INSERT INTO session_table (user_id, connected_at) VALUES (25, '2023-02-10 04:50:26');
INSERT INTO session_table (user_id, connected_at) VALUES (25, '2023-05-03 19:31:49');
INSERT INTO session_table (user_id, connected_at) VALUES (25, '2023-01-04 23:52:23');
INSERT INTO session_table (user_id, connected_at) VALUES (25, '2023-03-09 09:37:05');
INSERT INTO session_table (user_id, connected_at) VALUES (26, '2023-02-08 09:55:06');
INSERT INTO session_table (user_id, connected_at) VALUES (26, '2023-03-31 05:54:01');
INSERT INTO session_table (user_id, connected_at) VALUES (26, '2023-01-22 20:03:02');
INSERT INTO session_table (user_id, connected_at) VALUES (26, '2023-04-06 06:42:26');
INSERT INTO session_table (user_id, connected_at) VALUES (26, '2023-01-29 16:07:26');
INSERT INTO session_table (user_id, connected_at) VALUES (26, '2023-03-09 02:38:42');
INSERT INTO session_table (user_id, connected_at) VALUES (26, '2023-03-24 00:04:15');
INSERT INTO session_table (user_id, connected_at) VALUES (26, '2023-06-14 13:55:55');
INSERT INTO session_table (user_id, connected_at) VALUES (26, '2023-01-30 04:37:24');
INSERT INTO session_table (user_id, connected_at) VALUES (26, '2023-06-29 18:00:01');
INSERT INTO session_table (user_id, connected_at) VALUES (27, '2023-01-12 22:56:58');
INSERT INTO session_table (user_id, connected_at) VALUES (27, '2023-05-26 17:52:48');
INSERT INTO session_table (user_id, connected_at) VALUES (27, '2023-04-03 06:39:10');
INSERT INTO session_table (user_id, connected_at) VALUES (27, '2023-05-08 12:47:22');
INSERT INTO session_table (user_id, connected_at) VALUES (27, '2023-06-30 13:11:50');
INSERT INTO session_table (user_id, connected_at) VALUES (27, '2023-02-17 17:45:43');
INSERT INTO session_table (user_id, connected_at) VALUES (27, '2023-02-04 08:02:28');
INSERT INTO session_table (user_id, connected_at) VALUES (27, '2023-01-25 09:38:11');
INSERT INTO session_table (user_id, connected_at) VALUES (27, '2023-01-23 04:45:27');
INSERT INTO session_table (user_id, connected_at) VALUES (27, '2023-01-23 13:49:47');
INSERT INTO session_table (user_id, connected_at) VALUES (28, '2023-03-08 02:32:41');
INSERT INTO session_table (user_id, connected_at) VALUES (28, '2023-03-02 03:27:04');
INSERT INTO session_table (user_id, connected_at) VALUES (28, '2023-02-18 02:25:47');
INSERT INTO session_table (user_id, connected_at) VALUES (28, '2023-01-08 15:23:08');
INSERT INTO session_table (user_id, connected_at) VALUES (28, '2023-03-02 00:29:32');
INSERT INTO session_table (user_id, connected_at) VALUES (28, '2023-04-27 06:58:14');
INSERT INTO session_table (user_id, connected_at) VALUES (28, '2023-05-14 10:02:04');
INSERT INTO session_table (user_id, connected_at) VALUES (28, '2023-05-12 06:37:58');
INSERT INTO session_table (user_id, connected_at) VALUES (28, '2023-04-06 14:51:01');
INSERT INTO session_table (user_id, connected_at) VALUES (28, '2023-02-24 00:24:49');
INSERT INTO session_table (user_id, connected_at) VALUES (29, '2023-02-18 03:45:54');
INSERT INTO session_table (user_id, connected_at) VALUES (29, '2023-01-20 22:57:27');
INSERT INTO session_table (user_id, connected_at) VALUES (29, '2023-03-21 07:03:33');
INSERT INTO session_table (user_id, connected_at) VALUES (29, '2023-04-03 01:59:51');
INSERT INTO session_table (user_id, connected_at) VALUES (29, '2023-02-26 03:20:31');
INSERT INTO session_table (user_id, connected_at) VALUES (29, '2023-06-01 15:44:45');
INSERT INTO session_table (user_id, connected_at) VALUES (29, '2023-02-21 23:32:42');
INSERT INTO session_table (user_id, connected_at) VALUES (29, '2023-04-30 10:30:45');
INSERT INTO session_table (user_id, connected_at) VALUES (29, '2023-02-14 18:39:31');
INSERT INTO session_table (user_id, connected_at) VALUES (29, '2023-05-21 08:47:11');
INSERT INTO session_table (user_id, connected_at) VALUES (30, '2023-06-16 16:28:45');
INSERT INTO session_table (user_id, connected_at) VALUES (30, '2023-01-30 18:11:58');
INSERT INTO session_table (user_id, connected_at) VALUES (30, '2023-03-13 00:30:57');
INSERT INTO session_table (user_id, connected_at) VALUES (30, '2023-03-03 23:12:05');
INSERT INTO session_table (user_id, connected_at) VALUES (30, '2023-05-06 15:59:25');
INSERT INTO session_table (user_id, connected_at) VALUES (30, '2023-04-19 11:11:51');
INSERT INTO session_table (user_id, connected_at) VALUES (30, '2023-01-11 07:25:29');
INSERT INTO session_table (user_id, connected_at) VALUES (30, '2023-05-17 03:41:01');
INSERT INTO session_table (user_id, connected_at) VALUES (30, '2023-03-13 07:09:50');
INSERT INTO session_table (user_id, connected_at) VALUES (30, '2023-01-25 09:23:54');
INSERT INTO session_table (user_id, connected_at) VALUES (31, '2023-03-02 22:11:36');
INSERT INTO session_table (user_id, connected_at) VALUES (31, '2023-04-17 12:43:07');
INSERT INTO session_table (user_id, connected_at) VALUES (31, '2023-03-16 17:39:50');
INSERT INTO session_table (user_id, connected_at) VALUES (31, '2023-06-30 04:07:00');
INSERT INTO session_table (user_id, connected_at) VALUES (31, '2023-01-11 20:25:32');
INSERT INTO session_table (user_id, connected_at) VALUES (31, '2023-05-03 18:35:00');
INSERT INTO session_table (user_id, connected_at) VALUES (31, '2023-02-04 04:38:19');
INSERT INTO session_table (user_id, connected_at) VALUES (31, '2023-05-29 13:49:24');
INSERT INTO session_table (user_id, connected_at) VALUES (31, '2023-01-04 10:51:42');
INSERT INTO session_table (user_id, connected_at) VALUES (31, '2023-03-05 04:11:27');
INSERT INTO session_table (user_id, connected_at) VALUES (32, '2023-05-03 11:24:26');
INSERT INTO session_table (user_id, connected_at) VALUES (32, '2023-06-20 10:12:03');
INSERT INTO session_table (user_id, connected_at) VALUES (32, '2023-05-23 16:27:46');
INSERT INTO session_table (user_id, connected_at) VALUES (32, '2023-02-15 00:40:33');
INSERT INTO session_table (user_id, connected_at) VALUES (32, '2023-03-12 20:24:42');
INSERT INTO session_table (user_id, connected_at) VALUES (32, '2023-03-03 00:42:06');
INSERT INTO session_table (user_id, connected_at) VALUES (32, '2023-06-26 16:58:32');
INSERT INTO session_table (user_id, connected_at) VALUES (32, '2023-04-17 14:09:39');
INSERT INTO session_table (user_id, connected_at) VALUES (32, '2023-04-09 05:33:02');
INSERT INTO session_table (user_id, connected_at) VALUES (32, '2023-02-21 21:39:06');
INSERT INTO session_table (user_id, connected_at) VALUES (33, '2023-06-03 16:11:52');
INSERT INTO session_table (user_id, connected_at) VALUES (33, '2023-01-08 19:50:58');
INSERT INTO session_table (user_id, connected_at) VALUES (33, '2023-05-13 06:28:07');
INSERT INTO session_table (user_id, connected_at) VALUES (33, '2023-04-13 08:26:27');
INSERT INTO session_table (user_id, connected_at) VALUES (33, '2023-01-07 04:48:44');
INSERT INTO session_table (user_id, connected_at) VALUES (33, '2023-04-19 08:03:37');
INSERT INTO session_table (user_id, connected_at) VALUES (33, '2023-01-13 03:18:32');
INSERT INTO session_table (user_id, connected_at) VALUES (33, '2023-04-13 07:40:25');
INSERT INTO session_table (user_id, connected_at) VALUES (33, '2023-03-19 14:49:46');
INSERT INTO session_table (user_id, connected_at) VALUES (33, '2023-06-27 09:14:21');
INSERT INTO session_table (user_id, connected_at) VALUES (34, '2023-04-17 15:43:41');
INSERT INTO session_table (user_id, connected_at) VALUES (34, '2023-04-19 23:16:47');
INSERT INTO session_table (user_id, connected_at) VALUES (34, '2023-01-21 12:26:16');
INSERT INTO session_table (user_id, connected_at) VALUES (34, '2023-03-01 00:52:09');
INSERT INTO session_table (user_id, connected_at) VALUES (34, '2023-02-17 09:48:06');
INSERT INTO session_table (user_id, connected_at) VALUES (34, '2023-05-18 12:32:11');
INSERT INTO session_table (user_id, connected_at) VALUES (34, '2023-02-27 08:01:51');
INSERT INTO session_table (user_id, connected_at) VALUES (34, '2023-06-02 12:47:47');
INSERT INTO session_table (user_id, connected_at) VALUES (34, '2023-01-14 07:44:20');
INSERT INTO session_table (user_id, connected_at) VALUES (34, '2023-02-09 00:38:42');
INSERT INTO session_table (user_id, connected_at) VALUES (35, '2023-03-17 05:45:54');
INSERT INTO session_table (user_id, connected_at) VALUES (35, '2023-01-25 02:27:41');
INSERT INTO session_table (user_id, connected_at) VALUES (35, '2023-03-15 10:06:32');
INSERT INTO session_table (user_id, connected_at) VALUES (35, '2023-05-14 10:32:57');
INSERT INTO session_table (user_id, connected_at) VALUES (35, '2023-02-02 06:45:28');
INSERT INTO session_table (user_id, connected_at) VALUES (35, '2023-05-12 14:35:46');
INSERT INTO session_table (user_id, connected_at) VALUES (35, '2023-04-14 01:40:51');
INSERT INTO session_table (user_id, connected_at) VALUES (35, '2023-05-23 15:07:41');
INSERT INTO session_table (user_id, connected_at) VALUES (35, '2023-06-05 03:46:23');
INSERT INTO session_table (user_id, connected_at) VALUES (35, '2023-04-18 22:28:20');
INSERT INTO session_table (user_id, connected_at) VALUES (36, '2023-06-03 07:47:02');
INSERT INTO session_table (user_id, connected_at) VALUES (36, '2023-02-06 06:45:11');
INSERT INTO session_table (user_id, connected_at) VALUES (36, '2023-02-21 09:23:46');
INSERT INTO session_table (user_id, connected_at) VALUES (36, '2023-01-07 21:51:38');
INSERT INTO session_table (user_id, connected_at) VALUES (36, '2023-04-04 14:00:00');
INSERT INTO session_table (user_id, connected_at) VALUES (36, '2023-02-12 05:04:06');
INSERT INTO session_table (user_id, connected_at) VALUES (36, '2023-03-06 11:57:25');
INSERT INTO session_table (user_id, connected_at) VALUES (36, '2023-06-20 08:40:05');
INSERT INTO session_table (user_id, connected_at) VALUES (36, '2023-01-05 18:12:28');
INSERT INTO session_table (user_id, connected_at) VALUES (36, '2023-02-03 22:17:55');
INSERT INTO session_table (user_id, connected_at) VALUES (37, '2023-06-22 00:35:29');
INSERT INTO session_table (user_id, connected_at) VALUES (37, '2023-05-24 04:53:37');
INSERT INTO session_table (user_id, connected_at) VALUES (37, '2023-03-25 07:13:53');
INSERT INTO session_table (user_id, connected_at) VALUES (37, '2023-06-16 22:25:16');
INSERT INTO session_table (user_id, connected_at) VALUES (37, '2023-03-11 12:50:59');
INSERT INTO session_table (user_id, connected_at) VALUES (37, '2023-02-15 02:42:59');
INSERT INTO session_table (user_id, connected_at) VALUES (37, '2023-06-12 06:53:40');
INSERT INTO session_table (user_id, connected_at) VALUES (37, '2023-02-27 16:57:41');
INSERT INTO session_table (user_id, connected_at) VALUES (37, '2023-03-11 18:14:21');
INSERT INTO session_table (user_id, connected_at) VALUES (37, '2023-02-13 03:50:42');
INSERT INTO session_table (user_id, connected_at) VALUES (38, '2023-03-27 04:48:58');
INSERT INTO session_table (user_id, connected_at) VALUES (38, '2023-02-08 18:27:53');
INSERT INTO session_table (user_id, connected_at) VALUES (38, '2023-03-16 07:29:26');
INSERT INTO session_table (user_id, connected_at) VALUES (38, '2023-03-30 15:12:37');
INSERT INTO session_table (user_id, connected_at) VALUES (38, '2023-05-12 20:37:22');
INSERT INTO session_table (user_id, connected_at) VALUES (38, '2023-05-12 07:27:48');
INSERT INTO session_table (user_id, connected_at) VALUES (38, '2023-03-23 16:27:22');
INSERT INTO session_table (user_id, connected_at) VALUES (38, '2023-04-10 05:38:16');
INSERT INTO session_table (user_id, connected_at) VALUES (38, '2023-01-17 08:29:01');
INSERT INTO session_table (user_id, connected_at) VALUES (38, '2023-03-04 11:32:50');
INSERT INTO session_table (user_id, connected_at) VALUES (39, '2023-01-25 21:39:52');
INSERT INTO session_table (user_id, connected_at) VALUES (39, '2023-03-09 18:22:31');
INSERT INTO session_table (user_id, connected_at) VALUES (39, '2023-01-12 07:29:57');
INSERT INTO session_table (user_id, connected_at) VALUES (39, '2023-06-08 21:55:00');
INSERT INTO session_table (user_id, connected_at) VALUES (39, '2023-05-01 15:52:26');
INSERT INTO session_table (user_id, connected_at) VALUES (39, '2023-05-20 03:42:13');
INSERT INTO session_table (user_id, connected_at) VALUES (39, '2023-06-21 15:20:12');
INSERT INTO session_table (user_id, connected_at) VALUES (39, '2023-06-13 17:39:11');
INSERT INTO session_table (user_id, connected_at) VALUES (39, '2023-03-02 00:05:20');
INSERT INTO session_table (user_id, connected_at) VALUES (39, '2023-01-15 23:04:33');
INSERT INTO session_table (user_id, connected_at) VALUES (40, '2023-02-20 06:11:54');
INSERT INTO session_table (user_id, connected_at) VALUES (40, '2023-05-22 12:38:02');
INSERT INTO session_table (user_id, connected_at) VALUES (40, '2023-06-09 06:19:45');
INSERT INTO session_table (user_id, connected_at) VALUES (40, '2023-03-13 09:12:52');
INSERT INTO session_table (user_id, connected_at) VALUES (40, '2023-06-14 19:20:40');
INSERT INTO session_table (user_id, connected_at) VALUES (40, '2023-02-03 08:35:27');
INSERT INTO session_table (user_id, connected_at) VALUES (40, '2023-03-12 10:00:08');
INSERT INTO session_table (user_id, connected_at) VALUES (40, '2023-05-19 17:27:09');
INSERT INTO session_table (user_id, connected_at) VALUES (40, '2023-03-05 00:18:30');
INSERT INTO session_table (user_id, connected_at) VALUES (40, '2023-01-30 12:23:20');
INSERT INTO session_table (user_id, connected_at) VALUES (41, '2023-02-07 20:53:13');
INSERT INTO session_table (user_id, connected_at) VALUES (41, '2023-04-03 18:11:43');
INSERT INTO session_table (user_id, connected_at) VALUES (41, '2023-04-22 22:25:20');
INSERT INTO session_table (user_id, connected_at) VALUES (41, '2023-06-01 19:26:27');
INSERT INTO session_table (user_id, connected_at) VALUES (41, '2023-02-19 16:53:31');
INSERT INTO session_table (user_id, connected_at) VALUES (41, '2023-04-13 01:23:41');
INSERT INTO session_table (user_id, connected_at) VALUES (41, '2023-06-13 07:04:06');
INSERT INTO session_table (user_id, connected_at) VALUES (41, '2023-03-02 05:26:23');
INSERT INTO session_table (user_id, connected_at) VALUES (41, '2023-06-08 04:01:54');
INSERT INTO session_table (user_id, connected_at) VALUES (41, '2023-04-13 01:13:48');
INSERT INTO session_table (user_id, connected_at) VALUES (42, '2023-01-18 12:08:22');
INSERT INTO session_table (user_id, connected_at) VALUES (42, '2023-05-11 04:49:30');
INSERT INTO session_table (user_id, connected_at) VALUES (42, '2023-02-18 17:41:52');
INSERT INTO session_table (user_id, connected_at) VALUES (42, '2023-04-14 15:26:20');
INSERT INTO session_table (user_id, connected_at) VALUES (42, '2023-05-20 08:15:59');
INSERT INTO session_table (user_id, connected_at) VALUES (42, '2023-06-05 10:27:32');
INSERT INTO session_table (user_id, connected_at) VALUES (42, '2023-03-29 06:03:31');
INSERT INTO session_table (user_id, connected_at) VALUES (42, '2023-02-07 16:49:35');
INSERT INTO session_table (user_id, connected_at) VALUES (42, '2023-03-16 03:54:40');
INSERT INTO session_table (user_id, connected_at) VALUES (42, '2023-05-03 23:36:02');
INSERT INTO session_table (user_id, connected_at) VALUES (43, '2023-06-28 23:50:44');
INSERT INTO session_table (user_id, connected_at) VALUES (43, '2023-01-28 02:55:09');
INSERT INTO session_table (user_id, connected_at) VALUES (43, '2023-05-24 09:09:26');
INSERT INTO session_table (user_id, connected_at) VALUES (43, '2023-06-15 12:21:33');
INSERT INTO session_table (user_id, connected_at) VALUES (43, '2023-03-26 22:48:52');
INSERT INTO session_table (user_id, connected_at) VALUES (43, '2023-04-03 08:28:06');
INSERT INTO session_table (user_id, connected_at) VALUES (43, '2023-06-30 12:03:03');
INSERT INTO session_table (user_id, connected_at) VALUES (43, '2023-03-14 23:21:43');
INSERT INTO session_table (user_id, connected_at) VALUES (43, '2023-04-29 10:56:54');
INSERT INTO session_table (user_id, connected_at) VALUES (43, '2023-03-29 19:11:30');
INSERT INTO session_table (user_id, connected_at) VALUES (44, '2023-02-02 23:56:15');
INSERT INTO session_table (user_id, connected_at) VALUES (44, '2023-04-26 20:25:40');
INSERT INTO session_table (user_id, connected_at) VALUES (44, '2023-03-24 18:56:06');
INSERT INTO session_table (user_id, connected_at) VALUES (44, '2023-02-15 10:36:11');
INSERT INTO session_table (user_id, connected_at) VALUES (44, '2023-04-26 17:04:02');
INSERT INTO session_table (user_id, connected_at) VALUES (44, '2023-05-19 05:49:13');
INSERT INTO session_table (user_id, connected_at) VALUES (44, '2023-05-03 01:34:54');
INSERT INTO session_table (user_id, connected_at) VALUES (44, '2023-02-15 13:09:00');
INSERT INTO session_table (user_id, connected_at) VALUES (44, '2023-06-08 06:22:33');
INSERT INTO session_table (user_id, connected_at) VALUES (44, '2023-06-25 22:16:52');
INSERT INTO session_table (user_id, connected_at) VALUES (45, '2023-05-15 09:35:41');
INSERT INTO session_table (user_id, connected_at) VALUES (45, '2023-03-23 00:21:44');
INSERT INTO session_table (user_id, connected_at) VALUES (45, '2023-05-08 14:30:05');
INSERT INTO session_table (user_id, connected_at) VALUES (45, '2023-02-09 23:58:01');
INSERT INTO session_table (user_id, connected_at) VALUES (45, '2023-05-02 10:10:25');
INSERT INTO session_table (user_id, connected_at) VALUES (45, '2023-03-13 03:45:59');
INSERT INTO session_table (user_id, connected_at) VALUES (45, '2023-01-22 10:58:25');
INSERT INTO session_table (user_id, connected_at) VALUES (45, '2023-04-23 05:59:42');
INSERT INTO session_table (user_id, connected_at) VALUES (45, '2023-06-15 03:07:16');
INSERT INTO session_table (user_id, connected_at) VALUES (45, '2023-04-07 17:07:46');
INSERT INTO session_table (user_id, connected_at) VALUES (46, '2023-02-26 13:13:29');
INSERT INTO session_table (user_id, connected_at) VALUES (46, '2023-01-13 19:31:49');
INSERT INTO session_table (user_id, connected_at) VALUES (46, '2023-02-03 08:58:37');
INSERT INTO session_table (user_id, connected_at) VALUES (46, '2023-02-14 02:22:59');
INSERT INTO session_table (user_id, connected_at) VALUES (46, '2023-05-04 05:41:04');
INSERT INTO session_table (user_id, connected_at) VALUES (46, '2023-05-18 03:50:51');
INSERT INTO session_table (user_id, connected_at) VALUES (46, '2023-05-15 18:34:56');
INSERT INTO session_table (user_id, connected_at) VALUES (46, '2023-05-15 13:01:36');
INSERT INTO session_table (user_id, connected_at) VALUES (46, '2023-04-09 15:18:03');
INSERT INTO session_table (user_id, connected_at) VALUES (46, '2023-01-25 08:46:24');
INSERT INTO session_table (user_id, connected_at) VALUES (47, '2023-02-11 08:26:31');
INSERT INTO session_table (user_id, connected_at) VALUES (47, '2023-01-30 10:38:24');
INSERT INTO session_table (user_id, connected_at) VALUES (47, '2023-05-31 03:59:32');
INSERT INTO session_table (user_id, connected_at) VALUES (47, '2023-05-25 17:16:54');
INSERT INTO session_table (user_id, connected_at) VALUES (47, '2023-01-14 07:19:14');
INSERT INTO session_table (user_id, connected_at) VALUES (47, '2023-01-19 19:42:46');
INSERT INTO session_table (user_id, connected_at) VALUES (47, '2023-05-02 10:55:47');
INSERT INTO session_table (user_id, connected_at) VALUES (47, '2023-06-02 15:49:24');
INSERT INTO session_table (user_id, connected_at) VALUES (47, '2023-04-22 11:44:06');
INSERT INTO session_table (user_id, connected_at) VALUES (47, '2023-03-25 09:34:10');
INSERT INTO session_table (user_id, connected_at) VALUES (48, '2023-03-08 05:43:34');
INSERT INTO session_table (user_id, connected_at) VALUES (48, '2023-04-27 16:43:50');
INSERT INTO session_table (user_id, connected_at) VALUES (48, '2023-02-20 16:09:27');
INSERT INTO session_table (user_id, connected_at) VALUES (48, '2023-04-25 20:00:14');
INSERT INTO session_table (user_id, connected_at) VALUES (48, '2023-05-07 04:47:06');
INSERT INTO session_table (user_id, connected_at) VALUES (48, '2023-05-20 21:52:13');
INSERT INTO session_table (user_id, connected_at) VALUES (48, '2023-02-15 13:02:55');
INSERT INTO session_table (user_id, connected_at) VALUES (48, '2023-01-30 01:42:11');
INSERT INTO session_table (user_id, connected_at) VALUES (48, '2023-02-04 15:21:50');
INSERT INTO session_table (user_id, connected_at) VALUES (48, '2023-05-18 06:40:04');
INSERT INTO session_table (user_id, connected_at) VALUES (49, '2023-01-27 22:13:15');
INSERT INTO session_table (user_id, connected_at) VALUES (49, '2023-05-12 09:15:15');
INSERT INTO session_table (user_id, connected_at) VALUES (49, '2023-03-19 16:30:45');
INSERT INTO session_table (user_id, connected_at) VALUES (49, '2023-04-07 10:07:15');
INSERT INTO session_table (user_id, connected_at) VALUES (49, '2023-01-01 04:03:28');
INSERT INTO session_table (user_id, connected_at) VALUES (49, '2023-06-07 19:34:05');
INSERT INTO session_table (user_id, connected_at) VALUES (49, '2023-02-20 22:08:52');
INSERT INTO session_table (user_id, connected_at) VALUES (49, '2023-04-12 16:03:44');
INSERT INTO session_table (user_id, connected_at) VALUES (49, '2023-05-15 06:43:40');
INSERT INTO session_table (user_id, connected_at) VALUES (49, '2023-05-25 12:09:13');
INSERT INTO session_table (user_id, connected_at) VALUES (50, '2023-06-16 20:19:41');
INSERT INTO session_table (user_id, connected_at) VALUES (50, '2023-05-08 05:06:49');
INSERT INTO session_table (user_id, connected_at) VALUES (50, '2023-02-11 16:45:14');
INSERT INTO session_table (user_id, connected_at) VALUES (50, '2023-04-19 13:46:24');
INSERT INTO session_table (user_id, connected_at) VALUES (50, '2023-03-20 04:28:00');
INSERT INTO session_table (user_id, connected_at) VALUES (50, '2023-03-15 22:25:12');
INSERT INTO session_table (user_id, connected_at) VALUES (50, '2023-02-04 09:26:30');
INSERT INTO session_table (user_id, connected_at) VALUES (50, '2023-01-01 04:10:28');
INSERT INTO session_table (user_id, connected_at) VALUES (50, '2023-02-20 05:24:49');
INSERT INTO session_table (user_id, connected_at) VALUES (50, '2023-05-09 02:11:21');
INSERT INTO session_table (user_id, connected_at) VALUES (51, '2023-01-18 21:48:42');
INSERT INTO session_table (user_id, connected_at) VALUES (51, '2023-05-25 06:55:04');
INSERT INTO session_table (user_id, connected_at) VALUES (51, '2023-04-11 23:11:02');
INSERT INTO session_table (user_id, connected_at) VALUES (51, '2023-05-31 22:11:11');
INSERT INTO session_table (user_id, connected_at) VALUES (51, '2023-03-31 12:14:25');
INSERT INTO session_table (user_id, connected_at) VALUES (51, '2023-04-01 15:25:04');
INSERT INTO session_table (user_id, connected_at) VALUES (51, '2023-03-18 08:40:31');
INSERT INTO session_table (user_id, connected_at) VALUES (51, '2023-02-20 16:11:57');
INSERT INTO session_table (user_id, connected_at) VALUES (51, '2023-05-03 22:50:25');
INSERT INTO session_table (user_id, connected_at) VALUES (51, '2023-01-20 03:39:41');
INSERT INTO session_table (user_id, connected_at) VALUES (52, '2023-06-19 05:41:59');
INSERT INTO session_table (user_id, connected_at) VALUES (52, '2023-06-15 23:05:42');
INSERT INTO session_table (user_id, connected_at) VALUES (52, '2023-05-13 12:56:05');
INSERT INTO session_table (user_id, connected_at) VALUES (52, '2023-03-06 03:32:22');
INSERT INTO session_table (user_id, connected_at) VALUES (52, '2023-01-09 19:06:04');
INSERT INTO session_table (user_id, connected_at) VALUES (52, '2023-05-25 14:54:29');
INSERT INTO session_table (user_id, connected_at) VALUES (52, '2023-05-05 05:11:23');
INSERT INTO session_table (user_id, connected_at) VALUES (52, '2023-02-08 03:43:41');
INSERT INTO session_table (user_id, connected_at) VALUES (52, '2023-06-07 11:48:32');
INSERT INTO session_table (user_id, connected_at) VALUES (52, '2023-04-30 21:51:26');
INSERT INTO session_table (user_id, connected_at) VALUES (53, '2023-04-01 20:39:26');
INSERT INTO session_table (user_id, connected_at) VALUES (53, '2023-03-31 17:07:41');
INSERT INTO session_table (user_id, connected_at) VALUES (53, '2023-06-10 17:44:33');
INSERT INTO session_table (user_id, connected_at) VALUES (53, '2023-05-25 09:08:36');
INSERT INTO session_table (user_id, connected_at) VALUES (53, '2023-06-10 20:28:01');
INSERT INTO session_table (user_id, connected_at) VALUES (53, '2023-03-31 01:04:01');
INSERT INTO session_table (user_id, connected_at) VALUES (53, '2023-06-11 09:36:26');
INSERT INTO session_table (user_id, connected_at) VALUES (53, '2023-02-15 14:22:46');
INSERT INTO session_table (user_id, connected_at) VALUES (53, '2023-04-22 12:35:23');
INSERT INTO session_table (user_id, connected_at) VALUES (53, '2023-03-24 15:44:16');
INSERT INTO session_table (user_id, connected_at) VALUES (54, '2023-01-18 03:14:24');
INSERT INTO session_table (user_id, connected_at) VALUES (54, '2023-04-15 12:13:39');
INSERT INTO session_table (user_id, connected_at) VALUES (54, '2023-02-02 20:18:43');
INSERT INTO session_table (user_id, connected_at) VALUES (54, '2023-05-27 06:03:50');
INSERT INTO session_table (user_id, connected_at) VALUES (54, '2023-05-06 11:08:53');
INSERT INTO session_table (user_id, connected_at) VALUES (54, '2023-01-06 12:12:23');
INSERT INTO session_table (user_id, connected_at) VALUES (54, '2023-04-29 00:19:55');
INSERT INTO session_table (user_id, connected_at) VALUES (54, '2023-01-21 09:17:57');
INSERT INTO session_table (user_id, connected_at) VALUES (54, '2023-03-16 10:08:48');
INSERT INTO session_table (user_id, connected_at) VALUES (54, '2023-04-10 10:14:09');
INSERT INTO session_table (user_id, connected_at) VALUES (55, '2023-02-17 14:48:08');
INSERT INTO session_table (user_id, connected_at) VALUES (55, '2023-02-26 11:37:39');
INSERT INTO session_table (user_id, connected_at) VALUES (55, '2023-05-03 23:37:47');
INSERT INTO session_table (user_id, connected_at) VALUES (55, '2023-06-10 01:29:49');
INSERT INTO session_table (user_id, connected_at) VALUES (55, '2023-03-01 11:22:41');
INSERT INTO session_table (user_id, connected_at) VALUES (55, '2023-04-23 18:10:00');
INSERT INTO session_table (user_id, connected_at) VALUES (55, '2023-01-04 19:55:43');
INSERT INTO session_table (user_id, connected_at) VALUES (55, '2023-02-16 09:24:22');
INSERT INTO session_table (user_id, connected_at) VALUES (55, '2023-03-24 04:21:21');
INSERT INTO session_table (user_id, connected_at) VALUES (55, '2023-06-06 10:22:42');
INSERT INTO session_table (user_id, connected_at) VALUES (56, '2023-05-23 18:08:38');
INSERT INTO session_table (user_id, connected_at) VALUES (56, '2023-04-03 05:45:29');
INSERT INTO session_table (user_id, connected_at) VALUES (56, '2023-04-24 06:49:00');
INSERT INTO session_table (user_id, connected_at) VALUES (56, '2023-01-16 04:59:43');
INSERT INTO session_table (user_id, connected_at) VALUES (56, '2023-02-26 21:39:31');
INSERT INTO session_table (user_id, connected_at) VALUES (56, '2023-06-01 14:34:25');
INSERT INTO session_table (user_id, connected_at) VALUES (56, '2023-06-23 21:31:31');
INSERT INTO session_table (user_id, connected_at) VALUES (56, '2023-03-01 16:16:28');
INSERT INTO session_table (user_id, connected_at) VALUES (56, '2023-06-06 05:52:22');
INSERT INTO session_table (user_id, connected_at) VALUES (56, '2023-06-28 16:52:49');
INSERT INTO session_table (user_id, connected_at) VALUES (57, '2023-03-17 13:23:35');
INSERT INTO session_table (user_id, connected_at) VALUES (57, '2023-01-23 13:08:11');
INSERT INTO session_table (user_id, connected_at) VALUES (57, '2023-05-23 13:57:16');
INSERT INTO session_table (user_id, connected_at) VALUES (57, '2023-01-06 17:15:18');
INSERT INTO session_table (user_id, connected_at) VALUES (57, '2023-05-02 10:12:40');
INSERT INTO session_table (user_id, connected_at) VALUES (57, '2023-05-06 16:12:14');
INSERT INTO session_table (user_id, connected_at) VALUES (57, '2023-06-16 07:01:44');
INSERT INTO session_table (user_id, connected_at) VALUES (57, '2023-05-20 11:45:47');
INSERT INTO session_table (user_id, connected_at) VALUES (57, '2023-05-18 16:31:15');
INSERT INTO session_table (user_id, connected_at) VALUES (57, '2023-03-04 18:04:43');
INSERT INTO session_table (user_id, connected_at) VALUES (58, '2023-04-14 12:00:36');
INSERT INTO session_table (user_id, connected_at) VALUES (58, '2023-04-21 14:20:38');
INSERT INTO session_table (user_id, connected_at) VALUES (58, '2023-04-04 00:42:01');
INSERT INTO session_table (user_id, connected_at) VALUES (58, '2023-04-17 00:04:49');
INSERT INTO session_table (user_id, connected_at) VALUES (58, '2023-02-01 15:55:22');
INSERT INTO session_table (user_id, connected_at) VALUES (58, '2023-01-16 20:03:47');
INSERT INTO session_table (user_id, connected_at) VALUES (58, '2023-05-06 21:13:27');
INSERT INTO session_table (user_id, connected_at) VALUES (58, '2023-01-09 11:05:29');
INSERT INTO session_table (user_id, connected_at) VALUES (58, '2023-04-15 04:48:40');
INSERT INTO session_table (user_id, connected_at) VALUES (58, '2023-04-09 06:49:04');
INSERT INTO session_table (user_id, connected_at) VALUES (59, '2023-01-22 05:34:38');
INSERT INTO session_table (user_id, connected_at) VALUES (59, '2023-05-27 18:11:05');
INSERT INTO session_table (user_id, connected_at) VALUES (59, '2023-01-18 18:22:01');
INSERT INTO session_table (user_id, connected_at) VALUES (59, '2023-05-21 09:06:58');
INSERT INTO session_table (user_id, connected_at) VALUES (59, '2023-04-12 12:58:25');
INSERT INTO session_table (user_id, connected_at) VALUES (59, '2023-06-03 05:36:41');
INSERT INTO session_table (user_id, connected_at) VALUES (59, '2023-03-22 23:56:54');
INSERT INTO session_table (user_id, connected_at) VALUES (59, '2023-04-09 14:00:39');
INSERT INTO session_table (user_id, connected_at) VALUES (59, '2023-02-27 20:43:42');
INSERT INTO session_table (user_id, connected_at) VALUES (59, '2023-06-16 00:57:04');
INSERT INTO session_table (user_id, connected_at) VALUES (60, '2023-05-15 20:35:31');
INSERT INTO session_table (user_id, connected_at) VALUES (60, '2023-03-23 22:22:42');
INSERT INTO session_table (user_id, connected_at) VALUES (60, '2023-02-22 03:11:17');
INSERT INTO session_table (user_id, connected_at) VALUES (60, '2023-02-12 17:40:32');
INSERT INTO session_table (user_id, connected_at) VALUES (60, '2023-06-23 11:49:54');
INSERT INTO session_table (user_id, connected_at) VALUES (60, '2023-04-16 00:09:25');
INSERT INTO session_table (user_id, connected_at) VALUES (60, '2023-04-19 19:01:15');
INSERT INTO session_table (user_id, connected_at) VALUES (60, '2023-01-18 06:32:24');
INSERT INTO session_table (user_id, connected_at) VALUES (60, '2023-02-22 23:13:20');
INSERT INTO session_table (user_id, connected_at) VALUES (60, '2023-02-26 00:42:52');
INSERT INTO session_table (user_id, connected_at) VALUES (61, '2023-06-18 06:56:35');
INSERT INTO session_table (user_id, connected_at) VALUES (61, '2023-02-12 07:37:04');
INSERT INTO session_table (user_id, connected_at) VALUES (61, '2023-04-28 18:53:12');
INSERT INTO session_table (user_id, connected_at) VALUES (61, '2023-04-14 06:54:08');
INSERT INTO session_table (user_id, connected_at) VALUES (61, '2023-03-03 14:20:46');
INSERT INTO session_table (user_id, connected_at) VALUES (61, '2023-03-03 03:32:01');
INSERT INTO session_table (user_id, connected_at) VALUES (61, '2023-01-07 07:15:52');
INSERT INTO session_table (user_id, connected_at) VALUES (61, '2023-03-04 22:09:44');
INSERT INTO session_table (user_id, connected_at) VALUES (61, '2023-05-09 11:34:58');
INSERT INTO session_table (user_id, connected_at) VALUES (61, '2023-01-09 12:32:15');
INSERT INTO session_table (user_id, connected_at) VALUES (62, '2023-05-18 16:56:23');
INSERT INTO session_table (user_id, connected_at) VALUES (62, '2023-03-03 06:30:34');
INSERT INTO session_table (user_id, connected_at) VALUES (62, '2023-03-02 15:13:30');
INSERT INTO session_table (user_id, connected_at) VALUES (62, '2023-04-01 21:07:20');
INSERT INTO session_table (user_id, connected_at) VALUES (62, '2023-05-24 00:21:12');
INSERT INTO session_table (user_id, connected_at) VALUES (62, '2023-04-24 13:40:04');
INSERT INTO session_table (user_id, connected_at) VALUES (62, '2023-03-31 19:30:25');
INSERT INTO session_table (user_id, connected_at) VALUES (62, '2023-06-24 07:09:23');
INSERT INTO session_table (user_id, connected_at) VALUES (62, '2023-06-18 11:25:16');
INSERT INTO session_table (user_id, connected_at) VALUES (62, '2023-02-07 16:31:43');
INSERT INTO session_table (user_id, connected_at) VALUES (63, '2023-06-22 02:28:48');
INSERT INTO session_table (user_id, connected_at) VALUES (63, '2023-03-13 22:30:39');
INSERT INTO session_table (user_id, connected_at) VALUES (63, '2023-03-02 23:23:27');
INSERT INTO session_table (user_id, connected_at) VALUES (63, '2023-06-11 23:49:48');
INSERT INTO session_table (user_id, connected_at) VALUES (63, '2023-02-03 22:24:06');
INSERT INTO session_table (user_id, connected_at) VALUES (63, '2023-03-21 14:41:58');
INSERT INTO session_table (user_id, connected_at) VALUES (63, '2023-02-05 11:30:12');
INSERT INTO session_table (user_id, connected_at) VALUES (63, '2023-05-29 09:18:59');
INSERT INTO session_table (user_id, connected_at) VALUES (63, '2023-03-16 01:39:12');
INSERT INTO session_table (user_id, connected_at) VALUES (63, '2023-05-26 10:50:59');
INSERT INTO session_table (user_id, connected_at) VALUES (64, '2023-06-15 09:21:51');
INSERT INTO session_table (user_id, connected_at) VALUES (64, '2023-06-02 12:13:58');
INSERT INTO session_table (user_id, connected_at) VALUES (64, '2023-04-24 03:02:13');
INSERT INTO session_table (user_id, connected_at) VALUES (64, '2023-01-29 22:35:24');
INSERT INTO session_table (user_id, connected_at) VALUES (64, '2023-05-06 13:25:37');
INSERT INTO session_table (user_id, connected_at) VALUES (64, '2023-03-17 03:18:27');
INSERT INTO session_table (user_id, connected_at) VALUES (64, '2023-05-14 04:30:48');
INSERT INTO session_table (user_id, connected_at) VALUES (64, '2023-06-12 15:37:15');
INSERT INTO session_table (user_id, connected_at) VALUES (64, '2023-01-13 00:11:52');
INSERT INTO session_table (user_id, connected_at) VALUES (64, '2023-05-19 21:35:50');
INSERT INTO session_table (user_id, connected_at) VALUES (65, '2023-01-13 15:56:50');
INSERT INTO session_table (user_id, connected_at) VALUES (65, '2023-03-17 01:29:58');
INSERT INTO session_table (user_id, connected_at) VALUES (65, '2023-06-08 11:56:30');
INSERT INTO session_table (user_id, connected_at) VALUES (65, '2023-05-21 21:57:04');
INSERT INTO session_table (user_id, connected_at) VALUES (65, '2023-03-19 23:59:18');
INSERT INTO session_table (user_id, connected_at) VALUES (65, '2023-03-18 01:29:32');
INSERT INTO session_table (user_id, connected_at) VALUES (65, '2023-02-27 07:22:47');
INSERT INTO session_table (user_id, connected_at) VALUES (65, '2023-01-22 14:17:06');
INSERT INTO session_table (user_id, connected_at) VALUES (65, '2023-03-07 09:59:33');
INSERT INTO session_table (user_id, connected_at) VALUES (65, '2023-05-17 02:26:47');
INSERT INTO session_table (user_id, connected_at) VALUES (66, '2023-04-05 02:55:04');
INSERT INTO session_table (user_id, connected_at) VALUES (66, '2023-01-27 21:04:17');
INSERT INTO session_table (user_id, connected_at) VALUES (66, '2023-02-04 09:38:49');
INSERT INTO session_table (user_id, connected_at) VALUES (66, '2023-04-21 21:58:33');
INSERT INTO session_table (user_id, connected_at) VALUES (66, '2023-04-11 03:37:30');
INSERT INTO session_table (user_id, connected_at) VALUES (66, '2023-02-05 01:57:07');
INSERT INTO session_table (user_id, connected_at) VALUES (66, '2023-05-20 08:05:16');
INSERT INTO session_table (user_id, connected_at) VALUES (66, '2023-01-03 12:57:35');
INSERT INTO session_table (user_id, connected_at) VALUES (66, '2023-03-07 11:46:03');
INSERT INTO session_table (user_id, connected_at) VALUES (66, '2023-03-04 16:50:24');
INSERT INTO session_table (user_id, connected_at) VALUES (67, '2023-01-18 08:29:35');
INSERT INTO session_table (user_id, connected_at) VALUES (67, '2023-03-03 18:16:03');
INSERT INTO session_table (user_id, connected_at) VALUES (67, '2023-01-06 08:32:57');
INSERT INTO session_table (user_id, connected_at) VALUES (67, '2023-05-20 21:59:09');
INSERT INTO session_table (user_id, connected_at) VALUES (67, '2023-04-02 19:39:56');
INSERT INTO session_table (user_id, connected_at) VALUES (67, '2023-04-27 13:13:13');
INSERT INTO session_table (user_id, connected_at) VALUES (67, '2023-03-26 08:13:56');
INSERT INTO session_table (user_id, connected_at) VALUES (67, '2023-01-11 13:24:00');
INSERT INTO session_table (user_id, connected_at) VALUES (67, '2023-03-22 19:46:06');
INSERT INTO session_table (user_id, connected_at) VALUES (67, '2023-05-07 18:36:04');
INSERT INTO session_table (user_id, connected_at) VALUES (68, '2023-02-24 23:46:37');
INSERT INTO session_table (user_id, connected_at) VALUES (68, '2023-01-06 17:52:50');
INSERT INTO session_table (user_id, connected_at) VALUES (68, '2023-06-26 03:35:03');
INSERT INTO session_table (user_id, connected_at) VALUES (68, '2023-03-01 23:35:08');
INSERT INTO session_table (user_id, connected_at) VALUES (68, '2023-03-16 23:45:22');
INSERT INTO session_table (user_id, connected_at) VALUES (68, '2023-05-06 21:30:31');
INSERT INTO session_table (user_id, connected_at) VALUES (68, '2023-06-22 13:09:53');
INSERT INTO session_table (user_id, connected_at) VALUES (68, '2023-04-27 18:29:38');
INSERT INTO session_table (user_id, connected_at) VALUES (68, '2023-01-03 19:01:26');
INSERT INTO session_table (user_id, connected_at) VALUES (68, '2023-05-06 19:24:58');
INSERT INTO session_table (user_id, connected_at) VALUES (69, '2023-01-27 02:16:54');
INSERT INTO session_table (user_id, connected_at) VALUES (69, '2023-03-11 15:33:55');
INSERT INTO session_table (user_id, connected_at) VALUES (69, '2023-02-05 08:17:35');
INSERT INTO session_table (user_id, connected_at) VALUES (69, '2023-03-14 18:22:39');
INSERT INTO session_table (user_id, connected_at) VALUES (69, '2023-02-08 10:11:32');
INSERT INTO session_table (user_id, connected_at) VALUES (69, '2023-04-07 22:18:54');
INSERT INTO session_table (user_id, connected_at) VALUES (69, '2023-06-01 06:11:42');
INSERT INTO session_table (user_id, connected_at) VALUES (69, '2023-01-27 14:01:51');
INSERT INTO session_table (user_id, connected_at) VALUES (69, '2023-05-03 19:59:47');
INSERT INTO session_table (user_id, connected_at) VALUES (69, '2023-03-29 05:13:29');
INSERT INTO session_table (user_id, connected_at) VALUES (70, '2023-03-08 03:13:39');
INSERT INTO session_table (user_id, connected_at) VALUES (70, '2023-01-08 12:55:16');
INSERT INTO session_table (user_id, connected_at) VALUES (70, '2023-05-06 17:50:21');
INSERT INTO session_table (user_id, connected_at) VALUES (70, '2023-06-30 02:58:20');
INSERT INTO session_table (user_id, connected_at) VALUES (70, '2023-03-03 22:24:15');
INSERT INTO session_table (user_id, connected_at) VALUES (70, '2023-04-30 23:54:28');
INSERT INTO session_table (user_id, connected_at) VALUES (70, '2023-02-13 23:16:31');
INSERT INTO session_table (user_id, connected_at) VALUES (70, '2023-03-26 16:11:50');
INSERT INTO session_table (user_id, connected_at) VALUES (70, '2023-01-16 13:47:10');
INSERT INTO session_table (user_id, connected_at) VALUES (70, '2023-02-04 02:53:58');
INSERT INTO session_table (user_id, connected_at) VALUES (71, '2023-02-12 09:13:20');
INSERT INTO session_table (user_id, connected_at) VALUES (71, '2023-05-14 01:23:04');
INSERT INTO session_table (user_id, connected_at) VALUES (71, '2023-02-10 13:25:35');
INSERT INTO session_table (user_id, connected_at) VALUES (71, '2023-01-10 20:03:44');
INSERT INTO session_table (user_id, connected_at) VALUES (71, '2023-04-26 18:51:22');
INSERT INTO session_table (user_id, connected_at) VALUES (71, '2023-06-02 18:24:06');
INSERT INTO session_table (user_id, connected_at) VALUES (71, '2023-05-28 09:00:30');
INSERT INTO session_table (user_id, connected_at) VALUES (71, '2023-04-08 05:19:43');
INSERT INTO session_table (user_id, connected_at) VALUES (71, '2023-02-26 06:55:53');
INSERT INTO session_table (user_id, connected_at) VALUES (71, '2023-01-15 02:36:42');
INSERT INTO session_table (user_id, connected_at) VALUES (72, '2023-03-20 06:42:14');
INSERT INTO session_table (user_id, connected_at) VALUES (72, '2023-03-21 18:14:51');
INSERT INTO session_table (user_id, connected_at) VALUES (72, '2023-02-23 10:40:40');
INSERT INTO session_table (user_id, connected_at) VALUES (72, '2023-05-26 16:10:10');
INSERT INTO session_table (user_id, connected_at) VALUES (72, '2023-05-14 21:45:35');
INSERT INTO session_table (user_id, connected_at) VALUES (72, '2023-06-20 08:28:31');
INSERT INTO session_table (user_id, connected_at) VALUES (72, '2023-01-04 14:13:26');
INSERT INTO session_table (user_id, connected_at) VALUES (72, '2023-03-13 02:40:20');
INSERT INTO session_table (user_id, connected_at) VALUES (72, '2023-05-24 14:24:14');
INSERT INTO session_table (user_id, connected_at) VALUES (72, '2023-02-11 01:31:40');
INSERT INTO session_table (user_id, connected_at) VALUES (73, '2023-05-10 17:13:25');
INSERT INTO session_table (user_id, connected_at) VALUES (73, '2023-03-11 11:22:55');
INSERT INTO session_table (user_id, connected_at) VALUES (73, '2023-05-21 16:23:48');
INSERT INTO session_table (user_id, connected_at) VALUES (73, '2023-03-05 07:24:59');
INSERT INTO session_table (user_id, connected_at) VALUES (73, '2023-01-20 15:21:48');
INSERT INTO session_table (user_id, connected_at) VALUES (73, '2023-02-20 21:35:32');
INSERT INTO session_table (user_id, connected_at) VALUES (73, '2023-05-18 12:28:10');
INSERT INTO session_table (user_id, connected_at) VALUES (73, '2023-05-16 20:31:35');
INSERT INTO session_table (user_id, connected_at) VALUES (73, '2023-02-02 13:51:14');
INSERT INTO session_table (user_id, connected_at) VALUES (73, '2023-06-04 19:38:13');
INSERT INTO session_table (user_id, connected_at) VALUES (74, '2023-06-25 10:55:14');
INSERT INTO session_table (user_id, connected_at) VALUES (74, '2023-03-23 19:14:20');
INSERT INTO session_table (user_id, connected_at) VALUES (74, '2023-06-13 12:48:40');
INSERT INTO session_table (user_id, connected_at) VALUES (74, '2023-04-14 02:06:36');
INSERT INTO session_table (user_id, connected_at) VALUES (74, '2023-06-20 07:17:13');
INSERT INTO session_table (user_id, connected_at) VALUES (74, '2023-04-06 13:13:26');
INSERT INTO session_table (user_id, connected_at) VALUES (74, '2023-01-18 16:34:29');
INSERT INTO session_table (user_id, connected_at) VALUES (74, '2023-04-21 06:48:09');
INSERT INTO session_table (user_id, connected_at) VALUES (74, '2023-04-16 12:09:19');
INSERT INTO session_table (user_id, connected_at) VALUES (74, '2023-05-10 05:39:05');
INSERT INTO session_table (user_id, connected_at) VALUES (75, '2023-04-23 17:37:10');
INSERT INTO session_table (user_id, connected_at) VALUES (75, '2023-06-29 03:18:28');
INSERT INTO session_table (user_id, connected_at) VALUES (75, '2023-03-09 18:18:21');
INSERT INTO session_table (user_id, connected_at) VALUES (75, '2023-04-28 04:28:25');
INSERT INTO session_table (user_id, connected_at) VALUES (75, '2023-02-13 23:23:23');
INSERT INTO session_table (user_id, connected_at) VALUES (75, '2023-06-02 19:31:54');
INSERT INTO session_table (user_id, connected_at) VALUES (75, '2023-01-13 09:19:11');
INSERT INTO session_table (user_id, connected_at) VALUES (75, '2023-05-05 06:35:06');
INSERT INTO session_table (user_id, connected_at) VALUES (75, '2023-05-26 15:33:20');
INSERT INTO session_table (user_id, connected_at) VALUES (75, '2023-06-11 17:50:51');
INSERT INTO session_table (user_id, connected_at) VALUES (76, '2023-01-06 03:47:37');
INSERT INTO session_table (user_id, connected_at) VALUES (76, '2023-04-30 01:23:39');
INSERT INTO session_table (user_id, connected_at) VALUES (76, '2023-02-28 15:41:41');
INSERT INTO session_table (user_id, connected_at) VALUES (76, '2023-02-10 14:21:28');
INSERT INTO session_table (user_id, connected_at) VALUES (76, '2023-03-23 15:56:20');
INSERT INTO session_table (user_id, connected_at) VALUES (76, '2023-02-07 10:10:48');
INSERT INTO session_table (user_id, connected_at) VALUES (76, '2023-02-15 14:04:06');
INSERT INTO session_table (user_id, connected_at) VALUES (76, '2023-06-22 00:12:48');
INSERT INTO session_table (user_id, connected_at) VALUES (76, '2023-06-02 07:11:49');
INSERT INTO session_table (user_id, connected_at) VALUES (76, '2023-05-18 06:40:44');
INSERT INTO session_table (user_id, connected_at) VALUES (77, '2023-06-08 15:56:22');
INSERT INTO session_table (user_id, connected_at) VALUES (77, '2023-01-22 00:23:31');
INSERT INTO session_table (user_id, connected_at) VALUES (77, '2023-04-09 18:07:05');
INSERT INTO session_table (user_id, connected_at) VALUES (77, '2023-02-26 01:49:31');
INSERT INTO session_table (user_id, connected_at) VALUES (77, '2023-06-25 16:47:29');
INSERT INTO session_table (user_id, connected_at) VALUES (77, '2023-05-19 21:22:50');
INSERT INTO session_table (user_id, connected_at) VALUES (77, '2023-01-04 16:53:35');
INSERT INTO session_table (user_id, connected_at) VALUES (77, '2023-02-21 01:38:27');
INSERT INTO session_table (user_id, connected_at) VALUES (77, '2023-06-06 03:57:26');
INSERT INTO session_table (user_id, connected_at) VALUES (77, '2023-06-10 15:43:37');
INSERT INTO session_table (user_id, connected_at) VALUES (78, '2023-05-26 10:51:19');
INSERT INTO session_table (user_id, connected_at) VALUES (78, '2023-06-13 06:41:02');
INSERT INTO session_table (user_id, connected_at) VALUES (78, '2023-02-03 02:35:47');
INSERT INTO session_table (user_id, connected_at) VALUES (78, '2023-06-28 18:01:59');
INSERT INTO session_table (user_id, connected_at) VALUES (78, '2023-05-05 09:24:21');
INSERT INTO session_table (user_id, connected_at) VALUES (78, '2023-02-02 05:42:56');
INSERT INTO session_table (user_id, connected_at) VALUES (78, '2023-01-26 18:25:04');
INSERT INTO session_table (user_id, connected_at) VALUES (78, '2023-05-15 07:46:35');
INSERT INTO session_table (user_id, connected_at) VALUES (78, '2023-01-16 00:48:32');
INSERT INTO session_table (user_id, connected_at) VALUES (78, '2023-06-11 04:37:07');
INSERT INTO session_table (user_id, connected_at) VALUES (79, '2023-02-05 13:50:33');
INSERT INTO session_table (user_id, connected_at) VALUES (79, '2023-02-10 17:26:07');
INSERT INTO session_table (user_id, connected_at) VALUES (79, '2023-03-26 20:02:40');
INSERT INTO session_table (user_id, connected_at) VALUES (79, '2023-03-19 23:56:32');
INSERT INTO session_table (user_id, connected_at) VALUES (79, '2023-06-06 19:00:35');
INSERT INTO session_table (user_id, connected_at) VALUES (79, '2023-03-30 15:44:02');
INSERT INTO session_table (user_id, connected_at) VALUES (79, '2023-01-20 16:17:34');
INSERT INTO session_table (user_id, connected_at) VALUES (79, '2023-04-21 09:23:19');
INSERT INTO session_table (user_id, connected_at) VALUES (79, '2023-05-25 23:00:54');
INSERT INTO session_table (user_id, connected_at) VALUES (79, '2023-05-07 11:59:28');
INSERT INTO session_table (user_id, connected_at) VALUES (80, '2023-03-01 18:19:18');
INSERT INTO session_table (user_id, connected_at) VALUES (80, '2023-06-07 10:23:47');
INSERT INTO session_table (user_id, connected_at) VALUES (80, '2023-02-27 20:20:30');
INSERT INTO session_table (user_id, connected_at) VALUES (80, '2023-05-05 05:55:19');
INSERT INTO session_table (user_id, connected_at) VALUES (80, '2023-01-07 10:50:40');
INSERT INTO session_table (user_id, connected_at) VALUES (80, '2023-04-22 19:34:04');
INSERT INTO session_table (user_id, connected_at) VALUES (80, '2023-04-21 04:06:34');
INSERT INTO session_table (user_id, connected_at) VALUES (80, '2023-02-17 14:32:14');
INSERT INTO session_table (user_id, connected_at) VALUES (80, '2023-03-12 22:52:45');
INSERT INTO session_table (user_id, connected_at) VALUES (80, '2023-04-05 06:01:22');
INSERT INTO session_table (user_id, connected_at) VALUES (81, '2023-06-02 18:46:17');
INSERT INTO session_table (user_id, connected_at) VALUES (81, '2023-02-02 06:38:55');
INSERT INTO session_table (user_id, connected_at) VALUES (81, '2023-06-30 09:15:26');
INSERT INTO session_table (user_id, connected_at) VALUES (81, '2023-03-18 08:15:34');
INSERT INTO session_table (user_id, connected_at) VALUES (81, '2023-05-12 04:14:52');
INSERT INTO session_table (user_id, connected_at) VALUES (81, '2023-01-15 16:04:58');
INSERT INTO session_table (user_id, connected_at) VALUES (81, '2023-02-01 11:41:09');
INSERT INTO session_table (user_id, connected_at) VALUES (81, '2023-03-18 06:20:40');
INSERT INTO session_table (user_id, connected_at) VALUES (81, '2023-04-21 05:06:30');
INSERT INTO session_table (user_id, connected_at) VALUES (81, '2023-06-08 16:05:32');
INSERT INTO session_table (user_id, connected_at) VALUES (82, '2023-04-17 09:27:14');
INSERT INTO session_table (user_id, connected_at) VALUES (82, '2023-02-01 19:21:39');
INSERT INTO session_table (user_id, connected_at) VALUES (82, '2023-06-28 23:34:34');
INSERT INTO session_table (user_id, connected_at) VALUES (82, '2023-02-15 14:25:50');
INSERT INTO session_table (user_id, connected_at) VALUES (82, '2023-02-22 07:53:34');
INSERT INTO session_table (user_id, connected_at) VALUES (82, '2023-01-18 12:49:33');
INSERT INTO session_table (user_id, connected_at) VALUES (82, '2023-03-11 01:43:52');
INSERT INTO session_table (user_id, connected_at) VALUES (82, '2023-03-16 22:18:47');
INSERT INTO session_table (user_id, connected_at) VALUES (82, '2023-01-09 01:46:11');
INSERT INTO session_table (user_id, connected_at) VALUES (82, '2023-05-27 11:24:35');
INSERT INTO session_table (user_id, connected_at) VALUES (83, '2023-02-24 20:22:05');
INSERT INTO session_table (user_id, connected_at) VALUES (83, '2023-03-21 12:33:39');
INSERT INTO session_table (user_id, connected_at) VALUES (83, '2023-04-22 15:22:03');
INSERT INTO session_table (user_id, connected_at) VALUES (83, '2023-02-21 23:19:11');
INSERT INTO session_table (user_id, connected_at) VALUES (83, '2023-06-06 22:14:30');
INSERT INTO session_table (user_id, connected_at) VALUES (83, '2023-02-22 16:36:32');
INSERT INTO session_table (user_id, connected_at) VALUES (83, '2023-04-05 11:19:15');
INSERT INTO session_table (user_id, connected_at) VALUES (83, '2023-02-05 13:29:55');
INSERT INTO session_table (user_id, connected_at) VALUES (83, '2023-06-09 21:22:35');
INSERT INTO session_table (user_id, connected_at) VALUES (83, '2023-06-03 01:35:29');
INSERT INTO session_table (user_id, connected_at) VALUES (84, '2023-03-25 18:06:07');
INSERT INTO session_table (user_id, connected_at) VALUES (84, '2023-06-15 05:07:25');
INSERT INTO session_table (user_id, connected_at) VALUES (84, '2023-02-04 02:34:29');
INSERT INTO session_table (user_id, connected_at) VALUES (84, '2023-03-18 01:49:55');
INSERT INTO session_table (user_id, connected_at) VALUES (84, '2023-01-25 06:00:45');
INSERT INTO session_table (user_id, connected_at) VALUES (84, '2023-04-30 04:40:12');
INSERT INTO session_table (user_id, connected_at) VALUES (84, '2023-06-05 09:42:46');
INSERT INTO session_table (user_id, connected_at) VALUES (84, '2023-02-08 01:51:12');
INSERT INTO session_table (user_id, connected_at) VALUES (84, '2023-02-08 01:07:17');
INSERT INTO session_table (user_id, connected_at) VALUES (84, '2023-05-08 13:38:37');
INSERT INTO session_table (user_id, connected_at) VALUES (85, '2023-05-31 23:28:24');
INSERT INTO session_table (user_id, connected_at) VALUES (85, '2023-02-25 18:14:05');
INSERT INTO session_table (user_id, connected_at) VALUES (85, '2023-04-22 14:49:28');
INSERT INTO session_table (user_id, connected_at) VALUES (85, '2023-03-07 19:53:31');
INSERT INTO session_table (user_id, connected_at) VALUES (85, '2023-01-25 22:47:24');
INSERT INTO session_table (user_id, connected_at) VALUES (85, '2023-01-18 21:18:29');
INSERT INTO session_table (user_id, connected_at) VALUES (85, '2023-05-03 10:19:00');
INSERT INTO session_table (user_id, connected_at) VALUES (85, '2023-02-09 14:11:25');
INSERT INTO session_table (user_id, connected_at) VALUES (85, '2023-05-06 21:43:24');
INSERT INTO session_table (user_id, connected_at) VALUES (85, '2023-05-15 15:49:28');
INSERT INTO session_table (user_id, connected_at) VALUES (86, '2023-03-18 03:23:15');
INSERT INTO session_table (user_id, connected_at) VALUES (86, '2023-03-28 20:24:04');
INSERT INTO session_table (user_id, connected_at) VALUES (86, '2023-06-08 15:22:29');
INSERT INTO session_table (user_id, connected_at) VALUES (86, '2023-01-05 21:57:35');
INSERT INTO session_table (user_id, connected_at) VALUES (86, '2023-05-21 09:50:40');
INSERT INTO session_table (user_id, connected_at) VALUES (86, '2023-02-17 15:59:17');
INSERT INTO session_table (user_id, connected_at) VALUES (86, '2023-02-14 02:24:11');
INSERT INTO session_table (user_id, connected_at) VALUES (86, '2023-06-03 21:30:16');
INSERT INTO session_table (user_id, connected_at) VALUES (86, '2023-03-22 01:37:10');
INSERT INTO session_table (user_id, connected_at) VALUES (86, '2023-05-12 13:36:09');
INSERT INTO session_table (user_id, connected_at) VALUES (87, '2023-03-06 19:19:24');
INSERT INTO session_table (user_id, connected_at) VALUES (87, '2023-01-26 14:52:19');
INSERT INTO session_table (user_id, connected_at) VALUES (87, '2023-03-14 17:02:34');
INSERT INTO session_table (user_id, connected_at) VALUES (87, '2023-04-10 01:13:41');
INSERT INTO session_table (user_id, connected_at) VALUES (87, '2023-01-24 18:49:51');
INSERT INTO session_table (user_id, connected_at) VALUES (87, '2023-01-28 12:12:27');
INSERT INTO session_table (user_id, connected_at) VALUES (87, '2023-01-03 03:11:52');
INSERT INTO session_table (user_id, connected_at) VALUES (87, '2023-05-27 06:48:39');
INSERT INTO session_table (user_id, connected_at) VALUES (87, '2023-01-30 10:53:52');
INSERT INTO session_table (user_id, connected_at) VALUES (87, '2023-03-18 20:40:15');
INSERT INTO session_table (user_id, connected_at) VALUES (88, '2023-03-17 00:32:19');
INSERT INTO session_table (user_id, connected_at) VALUES (88, '2023-02-21 04:24:21');
INSERT INTO session_table (user_id, connected_at) VALUES (88, '2023-06-24 02:08:47');
INSERT INTO session_table (user_id, connected_at) VALUES (88, '2023-02-20 12:47:24');
INSERT INTO session_table (user_id, connected_at) VALUES (88, '2023-02-27 14:01:17');
INSERT INTO session_table (user_id, connected_at) VALUES (88, '2023-06-24 17:00:39');
INSERT INTO session_table (user_id, connected_at) VALUES (88, '2023-05-02 13:19:41');
INSERT INTO session_table (user_id, connected_at) VALUES (88, '2023-01-11 07:18:44');
INSERT INTO session_table (user_id, connected_at) VALUES (88, '2023-05-13 20:15:19');
INSERT INTO session_table (user_id, connected_at) VALUES (88, '2023-01-17 05:18:18');
INSERT INTO session_table (user_id, connected_at) VALUES (89, '2023-01-25 03:07:25');
INSERT INTO session_table (user_id, connected_at) VALUES (89, '2023-06-08 08:58:45');
INSERT INTO session_table (user_id, connected_at) VALUES (89, '2023-01-13 09:35:51');
INSERT INTO session_table (user_id, connected_at) VALUES (89, '2023-01-05 09:28:47');
INSERT INTO session_table (user_id, connected_at) VALUES (89, '2023-01-31 02:59:05');
INSERT INTO session_table (user_id, connected_at) VALUES (89, '2023-02-28 03:11:20');
INSERT INTO session_table (user_id, connected_at) VALUES (89, '2023-01-27 09:08:18');
INSERT INTO session_table (user_id, connected_at) VALUES (89, '2023-05-12 12:52:53');
INSERT INTO session_table (user_id, connected_at) VALUES (89, '2023-05-21 19:33:12');
INSERT INTO session_table (user_id, connected_at) VALUES (89, '2023-05-27 06:20:27');
INSERT INTO session_table (user_id, connected_at) VALUES (90, '2023-03-29 04:35:57');
INSERT INTO session_table (user_id, connected_at) VALUES (90, '2023-04-26 02:27:43');
INSERT INTO session_table (user_id, connected_at) VALUES (90, '2023-02-26 21:36:57');
INSERT INTO session_table (user_id, connected_at) VALUES (90, '2023-04-28 18:52:36');
INSERT INTO session_table (user_id, connected_at) VALUES (90, '2023-05-31 13:30:25');
INSERT INTO session_table (user_id, connected_at) VALUES (90, '2023-06-30 11:00:22');
INSERT INTO session_table (user_id, connected_at) VALUES (90, '2023-02-07 21:33:02');
INSERT INTO session_table (user_id, connected_at) VALUES (90, '2023-04-13 18:07:40');
INSERT INTO session_table (user_id, connected_at) VALUES (90, '2023-02-04 00:56:19');
INSERT INTO session_table (user_id, connected_at) VALUES (90, '2023-02-03 20:38:13');
INSERT INTO session_table (user_id, connected_at) VALUES (91, '2023-02-15 06:53:22');
INSERT INTO session_table (user_id, connected_at) VALUES (91, '2023-01-04 10:19:08');
INSERT INTO session_table (user_id, connected_at) VALUES (91, '2023-01-23 12:06:30');
INSERT INTO session_table (user_id, connected_at) VALUES (91, '2023-01-20 13:51:52');
INSERT INTO session_table (user_id, connected_at) VALUES (91, '2023-05-02 07:27:30');
INSERT INTO session_table (user_id, connected_at) VALUES (91, '2023-02-03 11:36:45');
INSERT INTO session_table (user_id, connected_at) VALUES (91, '2023-03-05 04:22:31');
INSERT INTO session_table (user_id, connected_at) VALUES (91, '2023-02-17 15:40:17');
INSERT INTO session_table (user_id, connected_at) VALUES (91, '2023-03-07 06:30:03');
INSERT INTO session_table (user_id, connected_at) VALUES (91, '2023-06-25 22:52:48');
INSERT INTO session_table (user_id, connected_at) VALUES (92, '2023-01-03 03:11:40');
INSERT INTO session_table (user_id, connected_at) VALUES (92, '2023-02-23 09:20:45');
INSERT INTO session_table (user_id, connected_at) VALUES (92, '2023-05-01 14:10:35');
INSERT INTO session_table (user_id, connected_at) VALUES (92, '2023-03-05 18:21:40');
INSERT INTO session_table (user_id, connected_at) VALUES (92, '2023-02-13 20:20:04');
INSERT INTO session_table (user_id, connected_at) VALUES (92, '2023-06-16 05:18:58');
INSERT INTO session_table (user_id, connected_at) VALUES (92, '2023-03-29 03:55:42');
INSERT INTO session_table (user_id, connected_at) VALUES (92, '2023-05-13 05:58:59');
INSERT INTO session_table (user_id, connected_at) VALUES (92, '2023-01-04 09:30:29');
INSERT INTO session_table (user_id, connected_at) VALUES (92, '2023-01-12 10:58:11');
INSERT INTO session_table (user_id, connected_at) VALUES (93, '2023-02-17 10:13:29');
INSERT INTO session_table (user_id, connected_at) VALUES (93, '2023-03-12 02:55:48');
INSERT INTO session_table (user_id, connected_at) VALUES (93, '2023-03-08 12:59:50');
INSERT INTO session_table (user_id, connected_at) VALUES (93, '2023-03-12 10:47:47');
INSERT INTO session_table (user_id, connected_at) VALUES (93, '2023-01-05 05:37:05');
INSERT INTO session_table (user_id, connected_at) VALUES (93, '2023-01-19 12:24:55');
INSERT INTO session_table (user_id, connected_at) VALUES (93, '2023-05-13 07:56:19');
INSERT INTO session_table (user_id, connected_at) VALUES (93, '2023-06-22 22:22:28');
INSERT INTO session_table (user_id, connected_at) VALUES (93, '2023-01-20 01:27:15');
INSERT INTO session_table (user_id, connected_at) VALUES (93, '2023-05-07 17:35:27');
INSERT INTO session_table (user_id, connected_at) VALUES (94, '2023-05-13 15:17:34');
INSERT INTO session_table (user_id, connected_at) VALUES (94, '2023-03-12 10:47:37');
INSERT INTO session_table (user_id, connected_at) VALUES (94, '2023-01-18 14:23:18');
INSERT INTO session_table (user_id, connected_at) VALUES (94, '2023-05-31 19:55:25');
INSERT INTO session_table (user_id, connected_at) VALUES (94, '2023-04-25 08:09:18');
INSERT INTO session_table (user_id, connected_at) VALUES (94, '2023-05-26 03:27:46');
INSERT INTO session_table (user_id, connected_at) VALUES (94, '2023-01-05 19:41:07');
INSERT INTO session_table (user_id, connected_at) VALUES (94, '2023-03-21 05:10:53');
INSERT INTO session_table (user_id, connected_at) VALUES (94, '2023-03-26 22:44:18');
INSERT INTO session_table (user_id, connected_at) VALUES (94, '2023-06-02 08:12:47');
INSERT INTO session_table (user_id, connected_at) VALUES (95, '2023-02-26 15:35:29');
INSERT INTO session_table (user_id, connected_at) VALUES (95, '2023-05-22 16:20:51');
INSERT INTO session_table (user_id, connected_at) VALUES (95, '2023-04-24 05:07:02');
INSERT INTO session_table (user_id, connected_at) VALUES (95, '2023-03-05 06:32:34');
INSERT INTO session_table (user_id, connected_at) VALUES (95, '2023-06-03 07:13:07');
INSERT INTO session_table (user_id, connected_at) VALUES (95, '2023-06-17 21:37:01');
INSERT INTO session_table (user_id, connected_at) VALUES (95, '2023-05-09 01:04:21');
INSERT INTO session_table (user_id, connected_at) VALUES (95, '2023-04-17 17:56:53');
INSERT INTO session_table (user_id, connected_at) VALUES (95, '2023-02-21 14:03:55');
INSERT INTO session_table (user_id, connected_at) VALUES (95, '2023-02-01 19:33:53');
INSERT INTO session_table (user_id, connected_at) VALUES (96, '2023-04-17 17:07:10');
INSERT INTO session_table (user_id, connected_at) VALUES (96, '2023-03-21 20:24:43');
INSERT INTO session_table (user_id, connected_at) VALUES (96, '2023-02-27 00:55:16');
INSERT INTO session_table (user_id, connected_at) VALUES (96, '2023-05-08 12:52:00');
INSERT INTO session_table (user_id, connected_at) VALUES (96, '2023-01-25 11:34:11');
INSERT INTO session_table (user_id, connected_at) VALUES (96, '2023-03-06 00:56:03');
INSERT INTO session_table (user_id, connected_at) VALUES (96, '2023-06-26 10:06:59');
INSERT INTO session_table (user_id, connected_at) VALUES (96, '2023-04-05 13:24:53');
INSERT INTO session_table (user_id, connected_at) VALUES (96, '2023-04-22 16:12:10');
INSERT INTO session_table (user_id, connected_at) VALUES (96, '2023-01-27 17:20:00');
INSERT INTO session_table (user_id, connected_at) VALUES (97, '2023-02-23 12:14:20');
INSERT INTO session_table (user_id, connected_at) VALUES (97, '2023-03-18 03:57:17');
INSERT INTO session_table (user_id, connected_at) VALUES (97, '2023-06-13 07:54:27');
INSERT INTO session_table (user_id, connected_at) VALUES (97, '2023-06-04 09:12:28');
INSERT INTO session_table (user_id, connected_at) VALUES (97, '2023-06-19 04:58:37');
INSERT INTO session_table (user_id, connected_at) VALUES (97, '2023-03-31 23:55:57');
INSERT INTO session_table (user_id, connected_at) VALUES (97, '2023-05-04 05:25:45');
INSERT INTO session_table (user_id, connected_at) VALUES (97, '2023-05-27 17:48:19');
INSERT INTO session_table (user_id, connected_at) VALUES (97, '2023-04-28 08:39:33');
INSERT INTO session_table (user_id, connected_at) VALUES (97, '2023-05-14 21:19:39');
INSERT INTO session_table (user_id, connected_at) VALUES (98, '2023-02-19 15:13:41');
INSERT INTO session_table (user_id, connected_at) VALUES (98, '2023-01-03 12:37:27');
INSERT INTO session_table (user_id, connected_at) VALUES (98, '2023-03-31 10:44:01');
INSERT INTO session_table (user_id, connected_at) VALUES (98, '2023-06-12 07:39:01');
INSERT INTO session_table (user_id, connected_at) VALUES (98, '2023-03-24 16:44:05');
INSERT INTO session_table (user_id, connected_at) VALUES (98, '2023-04-12 17:47:56');
INSERT INTO session_table (user_id, connected_at) VALUES (98, '2023-01-05 20:41:28');
INSERT INTO session_table (user_id, connected_at) VALUES (98, '2023-02-28 15:46:08');
INSERT INTO session_table (user_id, connected_at) VALUES (98, '2023-05-14 18:24:49');
INSERT INTO session_table (user_id, connected_at) VALUES (98, '2023-03-02 09:24:51');
INSERT INTO session_table (user_id, connected_at) VALUES (99, '2023-06-17 19:32:08');
INSERT INTO session_table (user_id, connected_at) VALUES (99, '2023-02-21 09:49:48');
INSERT INTO session_table (user_id, connected_at) VALUES (99, '2023-04-17 14:25:53');
INSERT INTO session_table (user_id, connected_at) VALUES (99, '2023-03-03 10:39:13');
INSERT INTO session_table (user_id, connected_at) VALUES (99, '2023-04-15 00:23:47');
INSERT INTO session_table (user_id, connected_at) VALUES (99, '2023-04-26 09:03:27');
INSERT INTO session_table (user_id, connected_at) VALUES (99, '2023-05-08 15:42:08');
INSERT INTO session_table (user_id, connected_at) VALUES (99, '2023-04-28 04:30:26');
INSERT INTO session_table (user_id, connected_at) VALUES (99, '2023-05-11 06:35:08');
INSERT INTO session_table (user_id, connected_at) VALUES (99, '2023-01-23 11:00:54');
INSERT INTO session_table (user_id, connected_at) VALUES (100, '2023-04-07 18:27:12');
INSERT INTO session_table (user_id, connected_at) VALUES (100, '2023-01-29 21:44:38');
INSERT INTO session_table (user_id, connected_at) VALUES (100, '2023-06-30 19:52:36');
INSERT INTO session_table (user_id, connected_at) VALUES (100, '2023-03-06 06:24:26');
INSERT INTO session_table (user_id, connected_at) VALUES (100, '2023-04-16 06:21:52');
INSERT INTO session_table (user_id, connected_at) VALUES (100, '2023-05-21 13:06:37');
INSERT INTO session_table (user_id, connected_at) VALUES (100, '2023-04-23 15:44:52');
INSERT INTO session_table (user_id, connected_at) VALUES (100, '2023-02-10 23:49:01');
INSERT INTO session_table (user_id, connected_at) VALUES (100, '2023-05-06 07:25:00');
INSERT INTO session_table (user_id, connected_at) VALUES (100, '2023-06-27 19:43:41');
